ref_name,dist_name,mos,std
I01.BMP,I01_01_1.bmp,5.51429,0
I01.BMP,i01_01_2.bmp,5.56757,0
I01.BMP,i01_01_3.bmp,4.94444,0
I01.BMP,i01_01_4.bmp,4.37838,0
I01.BMP,i01_01_5.bmp,3.86486,0
I01.BMP,i01_02_1.bmp,6.02857,1
I01.BMP,i01_02_2.bmp,6.10811,1
I01.BMP,i01_02_3.bmp,5.38889,1
I01.BMP,i01_02_4.bmp,4.71429,1
I01.BMP,i01_02_5.bmp,4.36111,1
I01.BMP,i01_03_1.bmp,4.77143,2
I01.BMP,i01_03_2.bmp,4.27027,2
I01.BMP,i01_03_3.bmp,3.70270,2
I01.BMP,i01_03_4.bmp,3.19444,2
I01.BMP,i01_03_5.bmp,2.71429,2
I01.BMP,i01_04_1.bmp,5.97143,3
I01.BMP,i01_04_2.bmp,5.75676,3
I01.BMP,i01_04_3.bmp,5.27027,3
I01.BMP,i01_04_4.bmp,5.24324,3
I01.BMP,i01_04_5.bmp,4.71429,3
I01.BMP,i01_05_1.bmp,5.91892,4
I01.BMP,i01_05_2.bmp,5.70270,4
I01.BMP,i01_05_3.bmp,5.08333,4
I01.BMP,i01_05_4.bmp,4.13889,4
I01.BMP,i01_05_5.bmp,3.13889,4
I01.BMP,i01_06_1.bmp,4.00000,5
I01.BMP,i01_06_2.bmp,3.89189,5
I01.BMP,i01_06_3.bmp,3.72973,5
I01.BMP,i01_06_4.bmp,3.48571,5
I01.BMP,i01_06_5.bmp,2.94444,5
I01.BMP,i01_07_1.bmp,5.08333,6
I01.BMP,i01_07_2.bmp,4.75000,6
I01.BMP,i01_07_3.bmp,4.00000,6
I01.BMP,i01_07_4.bmp,3.22222,6
I01.BMP,i01_07_5.bmp,2.19444,6
I01.BMP,i01_08_1.bmp,5.18919,7
I01.BMP,i01_08_2.bmp,4.47222,7
I01.BMP,i01_08_3.bmp,3.48649,7
I01.BMP,i01_08_4.bmp,3.00000,7
I01.BMP,i01_08_5.bmp,2.11111,7
I01.BMP,i01_09_1.bmp,6.08333,8
I01.BMP,i01_09_2.bmp,5.16667,8
I01.BMP,i01_09_3.bmp,4.42857,8
I01.BMP,i01_09_4.bmp,2.81081,8
I01.BMP,i01_09_5.bmp,1.54054,8
I01.BMP,i01_10_1.bmp,5.97297,9
I01.BMP,i01_10_2.bmp,5.94595,9
I01.BMP,i01_10_3.bmp,4.91667,9
I01.BMP,i01_10_4.bmp,3.21622,9
I01.BMP,i01_10_5.bmp,2.08108,9
I01.BMP,I01_11_1.BMP,5.91429,10
I01.BMP,i01_11_2.bmp,5.67568,10
I01.BMP,i01_11_3.bmp,4.69444,10
I01.BMP,i01_11_4.bmp,3.67568,10
I01.BMP,i01_11_5.bmp,1.45946,10
I01.BMP,i01_12_1.bmp,5.94595,11
I01.BMP,i01_12_2.bmp,5.86486,11
I01.BMP,i01_12_3.bmp,4.21622,11
I01.BMP,i01_12_4.bmp,3.83333,11
I01.BMP,i01_12_5.bmp,3.43243,11
I01.BMP,I01_13_1.BMP,5.45946,12
I01.BMP,i01_13_2.bmp,3.91429,12
I01.BMP,i01_13_3.bmp,3.27778,12
I01.BMP,i01_13_4.bmp,3.16667,12
I01.BMP,i01_13_5.bmp,3.10811,12
I01.BMP,i01_14_1.bmp,5.69444,13
I01.BMP,i01_14_2.bmp,6.05405,13
I01.BMP,i01_14_3.bmp,5.75676,13
I01.BMP,i01_14_4.bmp,5.55556,13
I01.BMP,i01_14_5.bmp,4.47059,13
I01.BMP,i01_15_1.bmp,2.83333,14
I01.BMP,i01_15_2.bmp,2.82857,14
I01.BMP,i01_15_3.bmp,3.10811,14
I01.BMP,i01_15_4.bmp,3.58333,14
I01.BMP,i01_15_5.bmp,3.89189,14
I01.BMP,i01_16_1.bmp,5.80556,15
I01.BMP,i01_16_2.bmp,6.05405,15
I01.BMP,i01_16_3.bmp,4.88889,15
I01.BMP,i01_16_4.bmp,5.02778,15
I01.BMP,i01_16_5.bmp,4.19444,15
I01.BMP,i01_17_1.bmp,5.35135,16
I01.BMP,i01_17_2.bmp,6.62162,16
I01.BMP,i01_17_3.bmp,4.08108,16
I01.BMP,i01_17_4.bmp,6.24324,16
I01.BMP,i01_17_5.bmp,2.97143,16
I01.BMP,i01_18_1.bmp,4.62162,17
I01.BMP,i01_18_2.bmp,4.22222,17
I01.BMP,i01_18_3.bmp,3.77143,17
I01.BMP,i01_18_4.bmp,3.47222,17
I01.BMP,i01_18_5.bmp,3.41667,17
I01.BMP,i01_19_1.bmp,5.94444,18
I01.BMP,i01_19_2.bmp,5.47222,18
I01.BMP,i01_19_3.bmp,5.08108,18
I01.BMP,i01_19_4.bmp,4.52778,18
I01.BMP,i01_19_5.bmp,3.94444,18
I01.BMP,i01_20_1.bmp,5.85714,19
I01.BMP,i01_20_2.bmp,5.83333,19
I01.BMP,i01_20_3.bmp,6.02778,19
I01.BMP,i01_20_4.bmp,5.08333,19
I01.BMP,i01_20_5.bmp,4.33333,19
I01.BMP,i01_21_1.bmp,5.70270,20
I01.BMP,i01_21_2.bmp,5.27778,20
I01.BMP,i01_21_3.bmp,4.67568,20
I01.BMP,i01_21_4.bmp,4.05714,20
I01.BMP,i01_21_5.bmp,3.05405,20
I01.BMP,i01_22_1.bmp,5.55556,21
I01.BMP,i01_22_2.bmp,5.18919,21
I01.BMP,i01_22_3.bmp,4.30556,21
I01.BMP,i01_22_4.bmp,3.16216,21
I01.BMP,i01_22_5.bmp,2.19444,21
I01.BMP,i01_23_1.bmp,6.28571,22
I01.BMP,i01_23_2.bmp,5.61111,22
I01.BMP,i01_23_3.bmp,5.77778,22
I01.BMP,i01_23_4.bmp,4.80556,22
I01.BMP,i01_23_5.bmp,2.40541,22
I01.BMP,i01_24_1.bmp,5.70270,23
I01.BMP,i01_24_2.bmp,5.58333,23
I01.BMP,i01_24_3.bmp,5.10811,23
I01.BMP,i01_24_4.bmp,3.08108,23
I01.BMP,i01_24_5.bmp,0.45946,23
I02.BMP,I02_01_1.bmp,5.74286,0
I02.BMP,i02_01_2.bmp,5.34286,0
I02.BMP,i02_01_3.bmp,5.22222,0
I02.BMP,i02_01_4.bmp,4.19444,0
I02.BMP,i02_01_5.bmp,3.97297,0
I02.BMP,i02_02_1.bmp,6.05556,1
I02.BMP,i02_02_2.bmp,6.05405,1
I02.BMP,i02_02_3.bmp,5.88889,1
I02.BMP,i02_02_4.bmp,5.29730,1
I02.BMP,i02_02_5.bmp,4.38889,1
I02.BMP,i02_03_1.bmp,4.80000,2
I02.BMP,i02_03_2.bmp,4.43243,2
I02.BMP,i02_03_3.bmp,3.83784,2
I02.BMP,i02_03_4.bmp,3.52778,2
I02.BMP,i02_03_5.bmp,2.91892,2
I02.BMP,i02_04_1.bmp,6.28571,3
I02.BMP,i02_04_2.bmp,6.16216,3
I02.BMP,i02_04_3.bmp,5.19444,3
I02.BMP,i02_04_4.bmp,4.74286,3
I02.BMP,i02_04_5.bmp,4.28571,3
I02.BMP,i02_05_1.bmp,6.11765,4
I02.BMP,i02_05_2.bmp,6.11111,4
I02.BMP,i02_05_3.bmp,5.43243,4
I02.BMP,i02_05_4.bmp,4.37838,4
I02.BMP,i02_05_5.bmp,3.41667,4
I02.BMP,i02_06_1.bmp,4.55556,5
I02.BMP,i02_06_2.bmp,4.27778,5
I02.BMP,i02_06_3.bmp,3.72973,5
I02.BMP,i02_06_4.bmp,3.48571,5
I02.BMP,i02_06_5.bmp,3.10811,5
I02.BMP,i02_07_1.bmp,5.91429,6
I02.BMP,i02_07_2.bmp,5.58333,6
I02.BMP,i02_07_3.bmp,3.76471,6
I02.BMP,i02_07_4.bmp,3.75676,6
I02.BMP,i02_07_5.bmp,2.85714,6
I02.BMP,i02_08_1.bmp,6.10811,7
I02.BMP,i02_08_2.bmp,5.16667,7
I02.BMP,i02_08_3.bmp,4.54286,7
I02.BMP,i02_08_4.bmp,3.83784,7
I02.BMP,i02_08_5.bmp,3.02703,7
I02.BMP,i02_09_1.bmp,6.00000,8
I02.BMP,i02_09_2.bmp,5.51429,8
I02.BMP,i02_09_3.bmp,4.52778,8
I02.BMP,i02_09_4.bmp,3.64865,8
I02.BMP,i02_09_5.bmp,2.41667,8
I02.BMP,i02_10_1.bmp,6.00000,9
I02.BMP,i02_10_2.bmp,5.97222,9
I02.BMP,i02_10_3.bmp,5.43243,9
I02.BMP,i02_10_4.bmp,3.50000,9
I02.BMP,i02_10_5.bmp,2.71429,9
I02.BMP,I02_11_1.BMP,5.91667,10
I02.BMP,i02_11_2.bmp,4.80556,10
I02.BMP,i02_11_3.bmp,2.97297,10
I02.BMP,i02_11_4.bmp,1.91892,10
I02.BMP,i02_11_5.bmp,1.27778,10
I02.BMP,i02_12_1.bmp,5.30556,11
I02.BMP,i02_12_2.bmp,4.43243,11
I02.BMP,i02_12_3.bmp,3.08108,11
I02.BMP,i02_12_4.bmp,2.67568,11
I02.BMP,i02_12_5.bmp,2.37143,11
I02.BMP,I02_13_1.BMP,4.47222,12
I02.BMP,i02_13_2.bmp,4.00000,12
I02.BMP,i02_13_3.bmp,3.38889,12
I02.BMP,i02_13_4.bmp,2.89189,12
I02.BMP,i02_13_5.bmp,3.61111,12
I02.BMP,i02_14_1.bmp,5.75000,13
I02.BMP,i02_14_2.bmp,6.08108,13
I02.BMP,i02_14_3.bmp,5.11429,13
I02.BMP,i02_14_4.bmp,5.31429,13
I02.BMP,i02_14_5.bmp,4.21622,13
I02.BMP,i02_15_1.bmp,3.40000,14
I02.BMP,i02_15_2.bmp,3.62162,14
I02.BMP,i02_15_3.bmp,3.83333,14
I02.BMP,i02_15_4.bmp,3.83784,14
I02.BMP,i02_15_5.bmp,4.20000,14
I02.BMP,i02_16_1.bmp,5.94595,15
I02.BMP,i02_16_2.bmp,6.08333,15
I02.BMP,i02_16_3.bmp,5.32432,15
I02.BMP,i02_16_4.bmp,5.13889,15
I02.BMP,i02_16_5.bmp,4.56757,15
I02.BMP,i02_17_1.bmp,5.91667,16
I02.BMP,i02_17_2.bmp,5.68571,16
I02.BMP,i02_17_3.bmp,4.83784,16
I02.BMP,i02_17_4.bmp,4.77143,16
I02.BMP,i02_17_5.bmp,3.91667,16
I02.BMP,i02_18_1.bmp,5.97222,17
I02.BMP,i02_18_2.bmp,5.59459,17
I02.BMP,i02_18_3.bmp,4.82857,17
I02.BMP,i02_18_4.bmp,4.91892,17
I02.BMP,i02_18_5.bmp,4.54286,17
I02.BMP,i02_19_1.bmp,5.77778,18
I02.BMP,i02_19_2.bmp,5.43243,18
I02.BMP,i02_19_3.bmp,4.83333,18
I02.BMP,i02_19_4.bmp,4.22222,18
I02.BMP,i02_19_5.bmp,3.75676,18
I02.BMP,i02_20_1.bmp,6.05405,19
I02.BMP,i02_20_2.bmp,6.17143,19
I02.BMP,i02_20_3.bmp,5.30556,19
I02.BMP,i02_20_4.bmp,4.00000,19
I02.BMP,i02_20_5.bmp,2.80556,19
I02.BMP,i02_21_1.bmp,5.97297,20
I02.BMP,i02_21_2.bmp,5.29730,20
I02.BMP,i02_21_3.bmp,4.60000,20
I02.BMP,i02_21_4.bmp,3.27778,20
I02.BMP,i02_21_5.bmp,2.36111,20
I02.BMP,i02_22_1.bmp,5.51351,21
I02.BMP,i02_22_2.bmp,5.24324,21
I02.BMP,i02_22_3.bmp,4.48571,21
I02.BMP,i02_22_4.bmp,3.80556,21
I02.BMP,i02_22_5.bmp,2.22222,21
I02.BMP,i02_23_1.bmp,6.77778,22
I02.BMP,i02_23_2.bmp,5.54054,22
I02.BMP,i02_23_3.bmp,3.44444,22
I02.BMP,i02_23_4.bmp,2.16216,22
I02.BMP,i02_23_5.bmp,0.81081,22
I02.BMP,i02_24_1.bmp,6.08108,23
I02.BMP,i02_24_2.bmp,4.91667,23
I02.BMP,i02_24_3.bmp,3.00000,23
I02.BMP,i02_24_4.bmp,2.11111,23
I02.BMP,i02_24_5.bmp,0.89189,23
I03.BMP,I03_01_1.bmp,5.76923,0
I03.BMP,i03_01_2.bmp,5.10526,0
I03.BMP,i03_01_3.bmp,4.68421,0
I03.BMP,i03_01_4.bmp,4.25000,0
I03.BMP,i03_01_5.bmp,3.92500,0
I03.BMP,i03_02_1.bmp,6.18421,1
I03.BMP,i03_02_2.bmp,6.28205,1
I03.BMP,i03_02_3.bmp,5.25000,1
I03.BMP,i03_02_4.bmp,5.00000,1
I03.BMP,i03_02_5.bmp,4.60000,1
I03.BMP,i03_03_1.bmp,4.65000,2
I03.BMP,i03_03_2.bmp,4.07692,2
I03.BMP,i03_03_3.bmp,3.85000,2
I03.BMP,i03_03_4.bmp,3.28205,2
I03.BMP,i03_03_5.bmp,2.89474,2
I03.BMP,i03_04_1.bmp,6.38462,3
I03.BMP,i03_04_2.bmp,5.65789,3
I03.BMP,i03_04_3.bmp,5.22500,3
I03.BMP,i03_04_4.bmp,4.60000,3
I03.BMP,i03_04_5.bmp,3.57500,3
I03.BMP,i03_05_1.bmp,6.50000,4
I03.BMP,i03_05_2.bmp,5.63158,4
I03.BMP,i03_05_3.bmp,5.30000,4
I03.BMP,i03_05_4.bmp,4.30769,4
I03.BMP,i03_05_5.bmp,3.47368,4
I03.BMP,i03_06_1.bmp,4.81579,5
I03.BMP,i03_06_2.bmp,4.53846,5
I03.BMP,i03_06_3.bmp,4.10000,5
I03.BMP,i03_06_4.bmp,3.75000,5
I03.BMP,i03_06_5.bmp,3.50000,5
I03.BMP,i03_07_1.bmp,4.97436,6
I03.BMP,i03_07_2.bmp,4.10000,6
I03.BMP,i03_07_3.bmp,3.84615,6
I03.BMP,i03_07_4.bmp,3.82500,6
I03.BMP,i03_07_5.bmp,3.61538,6
I03.BMP,i03_08_1.bmp,6.34211,7
I03.BMP,i03_08_2.bmp,5.60000,7
I03.BMP,i03_08_3.bmp,4.47368,7
I03.BMP,i03_08_4.bmp,3.75000,7
I03.BMP,i03_08_5.bmp,2.95000,7
I03.BMP,i03_09_1.bmp,6.65000,8
I03.BMP,i03_09_2.bmp,6.25641,8
I03.BMP,i03_09_3.bmp,5.47500,8
I03.BMP,i03_09_4.bmp,3.74359,8
I03.BMP,i03_09_5.bmp,2.47368,8
I03.BMP,i03_10_1.bmp,6.23684,9
I03.BMP,i03_10_2.bmp,5.66667,9
I03.BMP,i03_10_3.bmp,5.05128,9
I03.BMP,i03_10_4.bmp,3.30000,9
I03.BMP,i03_10_5.bmp,2.48718,9
I03.BMP,I03_11_1.BMP,5.36842,10
I03.BMP,i03_11_2.bmp,4.07692,10
I03.BMP,i03_11_3.bmp,2.84615,10
I03.BMP,i03_11_4.bmp,1.82051,10
I03.BMP,i03_11_5.bmp,0.70000,10
I03.BMP,i03_12_1.bmp,5.41026,11
I03.BMP,i03_12_2.bmp,4.07895,11
I03.BMP,i03_12_3.bmp,2.84211,11
I03.BMP,i03_12_4.bmp,3.10000,11
I03.BMP,i03_12_5.bmp,2.40000,11
I03.BMP,I03_13_1.BMP,5.12821,12
I03.BMP,i03_13_2.bmp,3.64103,12
I03.BMP,i03_13_3.bmp,3.92500,12
I03.BMP,i03_13_4.bmp,2.92500,12
I03.BMP,i03_13_5.bmp,2.42105,12
I03.BMP,i03_14_1.bmp,5.07692,13
I03.BMP,i03_14_2.bmp,6.00000,13
I03.BMP,i03_14_3.bmp,4.85000,13
I03.BMP,i03_14_4.bmp,4.46154,13
I03.BMP,i03_14_5.bmp,3.50000,13
I03.BMP,i03_15_1.bmp,3.72500,14
I03.BMP,i03_15_2.bmp,4.05000,14
I03.BMP,i03_15_3.bmp,4.02500,14
I03.BMP,i03_15_4.bmp,4.28205,14
I03.BMP,i03_15_5.bmp,4.79487,14
I03.BMP,i03_16_1.bmp,6.82051,15
I03.BMP,i03_16_2.bmp,6.52500,15
I03.BMP,i03_16_3.bmp,5.97500,15
I03.BMP,i03_16_4.bmp,6.07500,15
I03.BMP,i03_16_5.bmp,5.02564,15
I03.BMP,i03_17_1.bmp,6.28205,16
I03.BMP,i03_17_2.bmp,6.75000,16
I03.BMP,i03_17_3.bmp,5.20000,16
I03.BMP,i03_17_4.bmp,6.57500,16
I03.BMP,i03_17_5.bmp,3.79487,16
I03.BMP,i03_18_1.bmp,5.76923,17
I03.BMP,i03_18_2.bmp,5.71795,17
I03.BMP,i03_18_3.bmp,5.56410,17
I03.BMP,i03_18_4.bmp,5.00000,17
I03.BMP,i03_18_5.bmp,4.65789,17
I03.BMP,i03_19_1.bmp,5.51282,18
I03.BMP,i03_19_2.bmp,5.02564,18
I03.BMP,i03_19_3.bmp,4.70000,18
I03.BMP,i03_19_4.bmp,4.30769,18
I03.BMP,i03_19_5.bmp,3.69231,18
I03.BMP,i03_20_1.bmp,5.84211,19
I03.BMP,i03_20_2.bmp,5.46154,19
I03.BMP,i03_20_3.bmp,4.15789,19
I03.BMP,i03_20_4.bmp,3.17949,19
I03.BMP,i03_20_5.bmp,2.82500,19
I03.BMP,i03_21_1.bmp,5.23684,20
I03.BMP,i03_21_2.bmp,4.43590,20
I03.BMP,i03_21_3.bmp,3.89744,20
I03.BMP,i03_21_4.bmp,3.17949,20
I03.BMP,i03_21_5.bmp,2.10000,20
I03.BMP,i03_22_1.bmp,5.97436,21
I03.BMP,i03_22_2.bmp,5.35897,21
I03.BMP,i03_22_3.bmp,5.23077,21
I03.BMP,i03_22_4.bmp,4.35897,21
I03.BMP,i03_22_5.bmp,3.92105,21
I03.BMP,i03_23_1.bmp,6.71795,22
I03.BMP,i03_23_2.bmp,5.84615,22
I03.BMP,i03_23_3.bmp,3.90000,22
I03.BMP,i03_23_4.bmp,2.65789,22
I03.BMP,i03_23_5.bmp,1.97500,22
I03.BMP,i03_24_1.bmp,5.74359,23
I03.BMP,i03_24_2.bmp,4.20513,23
I03.BMP,i03_24_3.bmp,2.82500,23
I03.BMP,i03_24_4.bmp,1.81579,23
I03.BMP,i03_24_5.bmp,0.42105,23
I04.BMP,I04_01_1.bmp,5.76190,0
I04.BMP,i04_01_2.bmp,5.47619,0
I04.BMP,i04_01_3.bmp,4.92857,0
I04.BMP,i04_01_4.bmp,4.26829,0
I04.BMP,i04_01_5.bmp,4.00000,0
I04.BMP,i04_02_1.bmp,6.27500,1
I04.BMP,i04_02_2.bmp,6.15385,1
I04.BMP,i04_02_3.bmp,5.68293,1
I04.BMP,i04_02_4.bmp,5.30952,1
I04.BMP,i04_02_5.bmp,4.53659,1
I04.BMP,i04_03_1.bmp,4.78049,2
I04.BMP,i04_03_2.bmp,4.21429,2
I04.BMP,i04_03_3.bmp,3.90000,2
I04.BMP,i04_03_4.bmp,3.42500,2
I04.BMP,i04_03_5.bmp,3.02381,2
I04.BMP,i04_04_1.bmp,6.12500,3
I04.BMP,i04_04_2.bmp,6.26829,3
I04.BMP,i04_04_3.bmp,6.15000,3
I04.BMP,i04_04_4.bmp,5.47619,3
I04.BMP,i04_04_5.bmp,4.80952,3
I04.BMP,i04_05_1.bmp,6.30952,4
I04.BMP,i04_05_2.bmp,5.90244,4
I04.BMP,i04_05_3.bmp,5.32500,4
I04.BMP,i04_05_4.bmp,4.47619,4
I04.BMP,i04_05_5.bmp,3.70732,4
I04.BMP,i04_06_1.bmp,5.02381,5
I04.BMP,i04_06_2.bmp,4.56098,5
I04.BMP,i04_06_3.bmp,4.26190,5
I04.BMP,i04_06_4.bmp,4.19512,5
I04.BMP,i04_06_5.bmp,3.45000,5
I04.BMP,i04_07_1.bmp,4.69048,6
I04.BMP,i04_07_2.bmp,4.07500,6
I04.BMP,i04_07_3.bmp,3.52381,6
I04.BMP,i04_07_4.bmp,3.14286,6
I04.BMP,i04_07_5.bmp,2.95238,6
I04.BMP,i04_08_1.bmp,6.30952,7
I04.BMP,i04_08_2.bmp,5.92683,7
I04.BMP,i04_08_3.bmp,5.38095,7
I04.BMP,i04_08_4.bmp,4.37500,7
I04.BMP,i04_08_5.bmp,3.66667,7
I04.BMP,i04_09_1.bmp,6.38095,8
I04.BMP,i04_09_2.bmp,5.80488,8
I04.BMP,i04_09_3.bmp,5.04878,8
I04.BMP,i04_09_4.bmp,3.78049,8
I04.BMP,i04_09_5.bmp,2.50000,8
I04.BMP,i04_10_1.bmp,6.07143,9
I04.BMP,i04_10_2.bmp,5.97561,9
I04.BMP,i04_10_3.bmp,5.07143,9
I04.BMP,i04_10_4.bmp,3.26190,9
I04.BMP,i04_10_5.bmp,2.19048,9
I04.BMP,I04_11_1.BMP,5.30000,10
I04.BMP,i04_11_2.bmp,4.00000,10
I04.BMP,i04_11_3.bmp,2.90244,10
I04.BMP,i04_11_4.bmp,2.00000,10
I04.BMP,i04_11_5.bmp,0.88095,10
I04.BMP,i04_12_1.bmp,6.05000,11
I04.BMP,i04_12_2.bmp,4.64286,11
I04.BMP,i04_12_3.bmp,3.92857,11
I04.BMP,i04_12_4.bmp,2.90476,11
I04.BMP,i04_12_5.bmp,2.65854,11
I04.BMP,I04_13_1.BMP,4.66667,12
I04.BMP,i04_13_2.bmp,3.84615,12
I04.BMP,i04_13_3.bmp,3.35714,12
I04.BMP,i04_13_4.bmp,3.46341,12
I04.BMP,i04_13_5.bmp,2.38095,12
I04.BMP,i04_14_1.bmp,5.07143,13
I04.BMP,i04_14_2.bmp,6.40476,13
I04.BMP,i04_14_3.bmp,6.00000,13
I04.BMP,i04_14_4.bmp,4.40476,13
I04.BMP,i04_14_5.bmp,3.60976,13
I04.BMP,i04_15_1.bmp,3.38095,14
I04.BMP,i04_15_2.bmp,3.40476,14
I04.BMP,i04_15_3.bmp,3.50000,14
I04.BMP,i04_15_4.bmp,3.75610,14
I04.BMP,i04_15_5.bmp,4.05128,14
I04.BMP,i04_16_1.bmp,6.28571,15
I04.BMP,i04_16_2.bmp,6.64286,15
I04.BMP,i04_16_3.bmp,6.09524,15
I04.BMP,i04_16_4.bmp,5.66667,15
I04.BMP,i04_16_5.bmp,5.15385,15
I04.BMP,i04_17_1.bmp,6.00000,16
I04.BMP,i04_17_2.bmp,6.66667,16
I04.BMP,i04_17_3.bmp,4.78049,16
I04.BMP,i04_17_4.bmp,7.21429,16
I04.BMP,i04_17_5.bmp,3.92500,16
I04.BMP,i04_18_1.bmp,5.41463,17
I04.BMP,i04_18_2.bmp,5.02439,17
I04.BMP,i04_18_3.bmp,4.66667,17
I04.BMP,i04_18_4.bmp,4.23810,17
I04.BMP,i04_18_5.bmp,3.92683,17
I04.BMP,i04_19_1.bmp,5.45238,18
I04.BMP,i04_19_2.bmp,5.35714,18
I04.BMP,i04_19_3.bmp,4.90244,18
I04.BMP,i04_19_4.bmp,4.42500,18
I04.BMP,i04_19_5.bmp,4.16667,18
I04.BMP,i04_20_1.bmp,6.45238,19
I04.BMP,i04_20_2.bmp,5.22500,19
I04.BMP,i04_20_3.bmp,4.19048,19
I04.BMP,i04_20_4.bmp,3.11905,19
I04.BMP,i04_20_5.bmp,2.41463,19
I04.BMP,i04_21_1.bmp,5.14634,20
I04.BMP,i04_21_2.bmp,4.73171,20
I04.BMP,i04_21_3.bmp,3.80952,20
I04.BMP,i04_21_4.bmp,3.21951,20
I04.BMP,i04_21_5.bmp,2.00000,20
I04.BMP,i04_22_1.bmp,6.02439,21
I04.BMP,i04_22_2.bmp,5.78571,21
I04.BMP,i04_22_3.bmp,4.42857,21
I04.BMP,i04_22_4.bmp,4.12195,21
I04.BMP,i04_22_5.bmp,2.90476,21
I04.BMP,i04_23_1.bmp,6.42500,22
I04.BMP,i04_23_2.bmp,5.40476,22
I04.BMP,i04_23_3.bmp,3.87805,22
I04.BMP,i04_23_4.bmp,2.95122,22
I04.BMP,i04_23_5.bmp,1.47619,22
I04.BMP,i04_24_1.bmp,5.54762,23
I04.BMP,i04_24_2.bmp,3.76190,23
I04.BMP,i04_24_3.bmp,2.58537,23
I04.BMP,i04_24_4.bmp,1.90476,23
I04.BMP,i04_24_5.bmp,0.58537,23
I05.BMP,I05_01_1.bmp,5.52500,0
I05.BMP,i05_01_2.bmp,5.50000,0
I05.BMP,i05_01_3.bmp,4.84615,0
I05.BMP,i05_01_4.bmp,4.05128,0
I05.BMP,i05_01_5.bmp,3.56098,0
I05.BMP,i05_02_1.bmp,5.82927,1
I05.BMP,i05_02_2.bmp,5.68293,1
I05.BMP,i05_02_3.bmp,5.32500,1
I05.BMP,i05_02_4.bmp,5.09756,1
I05.BMP,i05_02_5.bmp,4.25641,1
I05.BMP,i05_03_1.bmp,5.09756,2
I05.BMP,i05_03_2.bmp,4.48780,2
I05.BMP,i05_03_3.bmp,3.67500,2
I05.BMP,i05_03_4.bmp,3.07317,2
I05.BMP,i05_03_5.bmp,2.37500,2
I05.BMP,i05_04_1.bmp,5.63415,3
I05.BMP,i05_04_2.bmp,5.75000,3
I05.BMP,i05_04_3.bmp,5.57500,3
I05.BMP,i05_04_4.bmp,4.92683,3
I05.BMP,i05_04_5.bmp,4.40000,3
I05.BMP,i05_05_1.bmp,5.62500,4
I05.BMP,i05_05_2.bmp,5.39024,4
I05.BMP,i05_05_3.bmp,4.70000,4
I05.BMP,i05_05_4.bmp,3.81579,4
I05.BMP,i05_05_5.bmp,2.92308,4
I05.BMP,i05_06_1.bmp,4.37500,5
I05.BMP,i05_06_2.bmp,3.92308,5
I05.BMP,i05_06_3.bmp,3.50000,5
I05.BMP,i05_06_4.bmp,3.31707,5
I05.BMP,i05_06_5.bmp,2.51282,5
I05.BMP,i05_07_1.bmp,5.27500,6
I05.BMP,i05_07_2.bmp,5.26829,6
I05.BMP,i05_07_3.bmp,4.53846,6
I05.BMP,i05_07_4.bmp,4.05128,6
I05.BMP,i05_07_5.bmp,3.14634,6
I05.BMP,i05_08_1.bmp,5.40000,7
I05.BMP,i05_08_2.bmp,4.66667,7
I05.BMP,i05_08_3.bmp,3.65854,7
I05.BMP,i05_08_4.bmp,2.78049,7
I05.BMP,i05_08_5.bmp,1.25000,7
I05.BMP,i05_09_1.bmp,5.82500,8
I05.BMP,i05_09_2.bmp,5.82500,8
I05.BMP,i05_09_3.bmp,5.32500,8
I05.BMP,i05_09_4.bmp,3.50000,8
I05.BMP,i05_09_5.bmp,1.36585,8
I05.BMP,i05_10_1.bmp,5.73171,9
I05.BMP,i05_10_2.bmp,5.15385,9
I05.BMP,i05_10_3.bmp,4.70732,9
I05.BMP,i05_10_4.bmp,3.43902,9
I05.BMP,i05_10_5.bmp,1.87805,9
I05.BMP,I05_11_1.BMP,5.75610,10
I05.BMP,i05_11_2.bmp,5.40000,10
I05.BMP,i05_11_3.bmp,4.50000,10
I05.BMP,i05_11_4.bmp,3.66667,10
I05.BMP,i05_11_5.bmp,2.25000,10
I05.BMP,i05_12_1.bmp,5.68293,11
I05.BMP,i05_12_2.bmp,5.77500,11
I05.BMP,i05_12_3.bmp,5.35000,11
I05.BMP,i05_12_4.bmp,3.80000,11
I05.BMP,i05_12_5.bmp,2.72500,11
I05.BMP,I05_13_1.BMP,5.46341,12
I05.BMP,i05_13_2.bmp,4.90244,12
I05.BMP,i05_13_3.bmp,3.47500,12
I05.BMP,i05_13_4.bmp,2.97561,12
I05.BMP,i05_13_5.bmp,1.97368,12
I05.BMP,i05_14_1.bmp,5.92683,13
I05.BMP,i05_14_2.bmp,5.53659,13
I05.BMP,i05_14_3.bmp,5.60976,13
I05.BMP,i05_14_4.bmp,5.22500,13
I05.BMP,i05_14_5.bmp,4.31707,13
I05.BMP,i05_15_1.bmp,3.05000,14
I05.BMP,i05_15_2.bmp,3.10000,14
I05.BMP,i05_15_3.bmp,3.31707,14
I05.BMP,i05_15_4.bmp,3.90000,14
I05.BMP,i05_15_5.bmp,3.84615,14
I05.BMP,i05_16_1.bmp,6.15000,15
I05.BMP,i05_16_2.bmp,5.95000,15
I05.BMP,i05_16_3.bmp,5.58537,15
I05.BMP,i05_16_4.bmp,5.09756,15
I05.BMP,i05_16_5.bmp,4.25000,15
I05.BMP,i05_17_1.bmp,5.30000,16
I05.BMP,i05_17_2.bmp,6.82927,16
I05.BMP,i05_17_3.bmp,4.02500,16
I05.BMP,i05_17_4.bmp,6.56098,16
I05.BMP,i05_17_5.bmp,2.80000,16
I05.BMP,i05_18_1.bmp,4.77500,17
I05.BMP,i05_18_2.bmp,4.20513,17
I05.BMP,i05_18_3.bmp,3.74359,17
I05.BMP,i05_18_4.bmp,3.53846,17
I05.BMP,i05_18_5.bmp,3.15000,17
I05.BMP,i05_19_1.bmp,5.17500,18
I05.BMP,i05_19_2.bmp,4.80488,18
I05.BMP,i05_19_3.bmp,4.22500,18
I05.BMP,i05_19_4.bmp,3.65000,18
I05.BMP,i05_19_5.bmp,3.36585,18
I05.BMP,i05_20_1.bmp,5.68293,19
I05.BMP,i05_20_2.bmp,5.56098,19
I05.BMP,i05_20_3.bmp,5.02439,19
I05.BMP,i05_20_4.bmp,4.47500,19
I05.BMP,i05_20_5.bmp,3.28205,19
I05.BMP,i05_21_1.bmp,5.60000,20
I05.BMP,i05_21_2.bmp,4.92500,20
I05.BMP,i05_21_3.bmp,4.36585,20
I05.BMP,i05_21_4.bmp,3.35000,20
I05.BMP,i05_21_5.bmp,2.47500,20
I05.BMP,i05_22_1.bmp,5.27500,21
I05.BMP,i05_22_2.bmp,5.25000,21
I05.BMP,i05_22_3.bmp,4.75610,21
I05.BMP,i05_22_4.bmp,4.10000,21
I05.BMP,i05_22_5.bmp,3.17073,21
I05.BMP,i05_23_1.bmp,5.73171,22
I05.BMP,i05_23_2.bmp,5.57500,22
I05.BMP,i05_23_3.bmp,5.63415,22
I05.BMP,i05_23_4.bmp,5.75610,22
I05.BMP,i05_23_5.bmp,5.43902,22
I05.BMP,i05_24_1.bmp,5.52500,23
I05.BMP,i05_24_2.bmp,5.60976,23
I05.BMP,i05_24_3.bmp,5.20000,23
I05.BMP,i05_24_4.bmp,3.95122,23
I05.BMP,i05_24_5.bmp,2.60976,23
I06.BMP,I06_01_1.bmp,5.75676,0
I06.BMP,i06_01_2.bmp,5.16667,0
I06.BMP,i06_01_3.bmp,5.02703,0
I06.BMP,i06_01_4.bmp,4.31429,0
I06.BMP,i06_01_5.bmp,3.61111,0
I06.BMP,i06_02_1.bmp,6.16216,1
I06.BMP,i06_02_2.bmp,5.78378,1
I06.BMP,i06_02_3.bmp,5.45946,1
I06.BMP,i06_02_4.bmp,4.83333,1
I06.BMP,i06_02_5.bmp,4.38889,1
I06.BMP,i06_03_1.bmp,4.58333,2
I06.BMP,i06_03_2.bmp,4.05714,2
I06.BMP,i06_03_3.bmp,3.47222,2
I06.BMP,i06_03_4.bmp,2.94595,2
I06.BMP,i06_03_5.bmp,2.50000,2
I06.BMP,i06_04_1.bmp,5.83333,3
I06.BMP,i06_04_2.bmp,5.86111,3
I06.BMP,i06_04_3.bmp,5.69444,3
I06.BMP,i06_04_4.bmp,5.08108,3
I06.BMP,i06_04_5.bmp,4.58333,3
I06.BMP,i06_05_1.bmp,5.91892,4
I06.BMP,i06_05_2.bmp,5.71429,4
I06.BMP,i06_05_3.bmp,4.97297,4
I06.BMP,i06_05_4.bmp,4.02857,4
I06.BMP,i06_05_5.bmp,2.94595,4
I06.BMP,i06_06_1.bmp,4.61111,5
I06.BMP,i06_06_2.bmp,4.38889,5
I06.BMP,i06_06_3.bmp,3.77778,5
I06.BMP,i06_06_4.bmp,3.52778,5
I06.BMP,i06_06_5.bmp,3.05405,5
I06.BMP,i06_07_1.bmp,5.32432,6
I06.BMP,i06_07_2.bmp,5.11429,6
I06.BMP,i06_07_3.bmp,4.40541,6
I06.BMP,i06_07_4.bmp,3.14286,6
I06.BMP,i06_07_5.bmp,2.68571,6
I06.BMP,i06_08_1.bmp,5.18919,7
I06.BMP,i06_08_2.bmp,4.58333,7
I06.BMP,i06_08_3.bmp,3.48571,7
I06.BMP,i06_08_4.bmp,2.70270,7
I06.BMP,i06_08_5.bmp,2.05405,7
I06.BMP,i06_09_1.bmp,6.05405,8
I06.BMP,i06_09_2.bmp,5.86486,8
I06.BMP,i06_09_3.bmp,4.86486,8
I06.BMP,i06_09_4.bmp,3.00000,8
I06.BMP,i06_09_5.bmp,1.65714,8
I06.BMP,i06_10_1.bmp,5.83784,9
I06.BMP,i06_10_2.bmp,5.62857,9
I06.BMP,i06_10_3.bmp,5.42857,9
I06.BMP,i06_10_4.bmp,3.16216,9
I06.BMP,i06_10_5.bmp,1.77778,9
I06.BMP,I06_11_1.BMP,5.54054,10
I06.BMP,i06_11_2.bmp,5.19444,10
I06.BMP,i06_11_3.bmp,4.50000,10
I06.BMP,i06_11_4.bmp,3.08108,10
I06.BMP,i06_11_5.bmp,0.75676,10
I06.BMP,i06_12_1.bmp,5.86111,11
I06.BMP,i06_12_2.bmp,4.75000,11
I06.BMP,i06_12_3.bmp,4.35135,11
I06.BMP,i06_12_4.bmp,3.62857,11
I06.BMP,i06_12_5.bmp,3.83784,11
I06.BMP,I06_13_1.BMP,4.67568,12
I06.BMP,i06_13_2.bmp,4.82857,12
I06.BMP,i06_13_3.bmp,4.17143,12
I06.BMP,i06_13_4.bmp,3.19444,12
I06.BMP,i06_13_5.bmp,2.70270,12
I06.BMP,i06_14_1.bmp,6.00000,13
I06.BMP,i06_14_2.bmp,6.00000,13
I06.BMP,i06_14_3.bmp,4.77143,13
I06.BMP,i06_14_4.bmp,4.33333,13
I06.BMP,i06_14_5.bmp,4.30556,13
I06.BMP,i06_15_1.bmp,3.62162,14
I06.BMP,i06_15_2.bmp,3.32432,14
I06.BMP,i06_15_3.bmp,3.75000,14
I06.BMP,i06_15_4.bmp,4.40541,14
I06.BMP,i06_15_5.bmp,4.83333,14
I06.BMP,i06_16_1.bmp,5.56757,15
I06.BMP,i06_16_2.bmp,6.25000,15
I06.BMP,i06_16_3.bmp,5.08333,15
I06.BMP,i06_16_4.bmp,5.83784,15
I06.BMP,i06_16_5.bmp,4.13889,15
I06.BMP,i06_17_1.bmp,5.55556,16
I06.BMP,i06_17_2.bmp,6.08108,16
I06.BMP,i06_17_3.bmp,4.05556,16
I06.BMP,i06_17_4.bmp,5.83784,16
I06.BMP,i06_17_5.bmp,3.37838,16
I06.BMP,i06_18_1.bmp,5.20000,17
I06.BMP,i06_18_2.bmp,4.36111,17
I06.BMP,i06_18_3.bmp,3.88889,17
I06.BMP,i06_18_4.bmp,3.72973,17
I06.BMP,i06_18_5.bmp,3.78378,17
I06.BMP,i06_19_1.bmp,5.33333,18
I06.BMP,i06_19_2.bmp,5.27027,18
I06.BMP,i06_19_3.bmp,4.94595,18
I06.BMP,i06_19_4.bmp,4.19444,18
I06.BMP,i06_19_5.bmp,3.59459,18
I06.BMP,i06_20_1.bmp,5.61111,19
I06.BMP,i06_20_2.bmp,5.27778,19
I06.BMP,i06_20_3.bmp,5.59459,19
I06.BMP,i06_20_4.bmp,4.94595,19
I06.BMP,i06_20_5.bmp,3.97297,19
I06.BMP,i06_21_1.bmp,5.70270,20
I06.BMP,i06_21_2.bmp,5.11111,20
I06.BMP,i06_21_3.bmp,4.71429,20
I06.BMP,i06_21_4.bmp,3.63889,20
I06.BMP,i06_21_5.bmp,2.80556,20
I06.BMP,i06_22_1.bmp,5.63889,21
I06.BMP,i06_22_2.bmp,5.27778,21
I06.BMP,i06_22_3.bmp,4.16216,21
I06.BMP,i06_22_4.bmp,3.56757,21
I06.BMP,i06_22_5.bmp,2.97297,21
I06.BMP,i06_23_1.bmp,5.91429,22
I06.BMP,i06_23_2.bmp,5.80556,22
I06.BMP,i06_23_3.bmp,5.67568,22
I06.BMP,i06_23_4.bmp,5.32432,22
I06.BMP,i06_23_5.bmp,2.34286,22
I06.BMP,i06_24_1.bmp,5.83784,23
I06.BMP,i06_24_2.bmp,5.80000,23
I06.BMP,i06_24_3.bmp,4.81081,23
I06.BMP,i06_24_4.bmp,3.21622,23
I06.BMP,i06_24_5.bmp,0.88889,23
I07.BMP,I07_01_1.bmp,5.68182,0
I07.BMP,i07_01_2.bmp,5.09091,0
I07.BMP,i07_01_3.bmp,4.80000,0
I07.BMP,i07_01_4.bmp,4.45455,0
I07.BMP,i07_01_5.bmp,3.97619,0
I07.BMP,i07_02_1.bmp,6.04444,1
I07.BMP,i07_02_2.bmp,5.86364,1
I07.BMP,i07_02_3.bmp,5.55814,1
I07.BMP,i07_02_4.bmp,5.23256,1
I07.BMP,i07_02_5.bmp,4.75556,1
I07.BMP,i07_03_1.bmp,4.93333,2
I07.BMP,i07_03_2.bmp,4.22727,2
I07.BMP,i07_03_3.bmp,3.73333,2
I07.BMP,i07_03_4.bmp,3.31111,2
I07.BMP,i07_03_5.bmp,2.73333,2
I07.BMP,i07_04_1.bmp,5.86667,3
I07.BMP,i07_04_2.bmp,6.00000,3
I07.BMP,i07_04_3.bmp,5.42222,3
I07.BMP,i07_04_4.bmp,4.95122,3
I07.BMP,i07_04_5.bmp,4.20930,3
I07.BMP,i07_05_1.bmp,6.04444,4
I07.BMP,i07_05_2.bmp,5.80000,4
I07.BMP,i07_05_3.bmp,5.15909,4
I07.BMP,i07_05_4.bmp,4.27907,4
I07.BMP,i07_05_5.bmp,3.31818,4
I07.BMP,i07_06_1.bmp,4.83333,5
I07.BMP,i07_06_2.bmp,4.61364,5
I07.BMP,i07_06_3.bmp,4.15909,5
I07.BMP,i07_06_4.bmp,3.75000,5
I07.BMP,i07_06_5.bmp,3.31818,5
I07.BMP,i07_07_1.bmp,5.58140,6
I07.BMP,i07_07_2.bmp,5.19048,6
I07.BMP,i07_07_3.bmp,4.31818,6
I07.BMP,i07_07_4.bmp,3.62222,6
I07.BMP,i07_07_5.bmp,2.83721,6
I07.BMP,i07_08_1.bmp,5.86364,7
I07.BMP,i07_08_2.bmp,5.53333,7
I07.BMP,i07_08_3.bmp,4.58140,7
I07.BMP,i07_08_4.bmp,3.42222,7
I07.BMP,i07_08_5.bmp,2.63636,7
I07.BMP,i07_09_1.bmp,6.42222,8
I07.BMP,i07_09_2.bmp,6.02222,8
I07.BMP,i07_09_3.bmp,5.22727,8
I07.BMP,i07_09_4.bmp,3.97674,8
I07.BMP,i07_09_5.bmp,2.46667,8
I07.BMP,i07_10_1.bmp,6.13333,9
I07.BMP,i07_10_2.bmp,5.88636,9
I07.BMP,i07_10_3.bmp,5.04545,9
I07.BMP,i07_10_4.bmp,3.70455,9
I07.BMP,i07_10_5.bmp,2.22727,9
I07.BMP,I07_11_1.BMP,5.48837,10
I07.BMP,i07_11_2.bmp,4.51111,10
I07.BMP,i07_11_3.bmp,3.43182,10
I07.BMP,i07_11_4.bmp,2.42222,10
I07.BMP,i07_11_5.bmp,0.97727,10
I07.BMP,i07_12_1.bmp,5.34091,11
I07.BMP,i07_12_2.bmp,4.72727,11
I07.BMP,i07_12_3.bmp,3.53333,11
I07.BMP,i07_12_4.bmp,2.86364,11
I07.BMP,i07_12_5.bmp,2.51111,11
I07.BMP,I07_13_1.BMP,4.58140,12
I07.BMP,i07_13_2.bmp,4.06818,12
I07.BMP,i07_13_3.bmp,3.37209,12
I07.BMP,i07_13_4.bmp,2.72727,12
I07.BMP,i07_13_5.bmp,2.51111,12
I07.BMP,i07_14_1.bmp,5.79545,13
I07.BMP,i07_14_2.bmp,6.15909,13
I07.BMP,i07_14_3.bmp,5.70455,13
I07.BMP,i07_14_4.bmp,5.22222,13
I07.BMP,i07_14_5.bmp,4.20455,13
I07.BMP,i07_15_1.bmp,3.63636,14
I07.BMP,i07_15_2.bmp,3.28889,14
I07.BMP,i07_15_3.bmp,3.04545,14
I07.BMP,i07_15_4.bmp,3.34091,14
I07.BMP,i07_15_5.bmp,3.65116,14
I07.BMP,i07_16_1.bmp,6.20455,15
I07.BMP,i07_16_2.bmp,6.34884,15
I07.BMP,i07_16_3.bmp,5.93333,15
I07.BMP,i07_16_4.bmp,5.35556,15
I07.BMP,i07_16_5.bmp,4.81818,15
I07.BMP,i07_17_1.bmp,5.54545,16
I07.BMP,i07_17_2.bmp,6.40000,16
I07.BMP,i07_17_3.bmp,4.40476,16
I07.BMP,i07_17_4.bmp,6.72727,16
I07.BMP,i07_17_5.bmp,3.34091,16
I07.BMP,i07_18_1.bmp,5.38636,17
I07.BMP,i07_18_2.bmp,4.95455,17
I07.BMP,i07_18_3.bmp,4.37778,17
I07.BMP,i07_18_4.bmp,3.86364,17
I07.BMP,i07_18_5.bmp,3.63636,17
I07.BMP,i07_19_1.bmp,5.86667,18
I07.BMP,i07_19_2.bmp,5.44444,18
I07.BMP,i07_19_3.bmp,4.80000,18
I07.BMP,i07_19_4.bmp,4.11364,18
I07.BMP,i07_19_5.bmp,3.70455,18
I07.BMP,i07_20_1.bmp,5.75000,19
I07.BMP,i07_20_2.bmp,5.42222,19
I07.BMP,i07_20_3.bmp,4.41860,19
I07.BMP,i07_20_4.bmp,3.62222,19
I07.BMP,i07_20_5.bmp,2.93023,19
I07.BMP,i07_21_1.bmp,5.66667,20
I07.BMP,i07_21_2.bmp,4.95455,20
I07.BMP,i07_21_3.bmp,4.11111,20
I07.BMP,i07_21_4.bmp,3.38636,20
I07.BMP,i07_21_5.bmp,2.32558,20
I07.BMP,i07_22_1.bmp,5.93333,21
I07.BMP,i07_22_2.bmp,5.23256,21
I07.BMP,i07_22_3.bmp,4.65116,21
I07.BMP,i07_22_4.bmp,4.14286,21
I07.BMP,i07_22_5.bmp,2.65909,21
I07.BMP,i07_23_1.bmp,6.02222,22
I07.BMP,i07_23_2.bmp,5.73333,22
I07.BMP,i07_23_3.bmp,5.04444,22
I07.BMP,i07_23_4.bmp,4.20930,22
I07.BMP,i07_23_5.bmp,2.64444,22
I07.BMP,i07_24_1.bmp,5.72093,23
I07.BMP,i07_24_2.bmp,4.93333,23
I07.BMP,i07_24_3.bmp,3.86364,23
I07.BMP,i07_24_4.bmp,2.25000,23
I07.BMP,i07_24_5.bmp,0.47619,23
I08.BMP,I08_01_1.bmp,5.54839,0
I08.BMP,i08_01_2.bmp,4.70968,0
I08.BMP,i08_01_3.bmp,4.83871,0
I08.BMP,i08_01_4.bmp,4.10000,0
I08.BMP,i08_01_5.bmp,3.54839,0
I08.BMP,i08_02_1.bmp,5.59375,1
I08.BMP,i08_02_2.bmp,5.54839,1
I08.BMP,i08_02_3.bmp,5.40625,1
I08.BMP,i08_02_4.bmp,5.22581,1
I08.BMP,i08_02_5.bmp,4.64516,1
I08.BMP,i08_03_1.bmp,4.64516,2
I08.BMP,i08_03_2.bmp,4.29032,2
I08.BMP,i08_03_3.bmp,3.46667,2
I08.BMP,i08_03_4.bmp,2.96875,2
I08.BMP,i08_03_5.bmp,2.34375,2
I08.BMP,i08_04_1.bmp,6.06452,3
I08.BMP,i08_04_2.bmp,5.83871,3
I08.BMP,i08_04_3.bmp,5.62500,3
I08.BMP,i08_04_4.bmp,5.43750,3
I08.BMP,i08_04_5.bmp,4.96774,3
I08.BMP,i08_05_1.bmp,5.33333,4
I08.BMP,i08_05_2.bmp,5.45161,4
I08.BMP,i08_05_3.bmp,4.71875,4
I08.BMP,i08_05_4.bmp,3.96774,4
I08.BMP,i08_05_5.bmp,3.12500,4
I08.BMP,i08_06_1.bmp,4.38710,5
I08.BMP,i08_06_2.bmp,4.09375,5
I08.BMP,i08_06_3.bmp,3.93333,5
I08.BMP,i08_06_4.bmp,3.61290,5
I08.BMP,i08_06_5.bmp,3.06452,5
I08.BMP,i08_07_1.bmp,5.50000,6
I08.BMP,i08_07_2.bmp,4.64516,6
I08.BMP,i08_07_3.bmp,4.16667,6
I08.BMP,i08_07_4.bmp,3.45161,6
I08.BMP,i08_07_5.bmp,2.38710,6
I08.BMP,i08_08_1.bmp,5.21875,7
I08.BMP,i08_08_2.bmp,4.59375,7
I08.BMP,i08_08_3.bmp,3.90323,7
I08.BMP,i08_08_4.bmp,2.87097,7
I08.BMP,i08_08_5.bmp,1.96774,7
I08.BMP,i08_09_1.bmp,5.70968,8
I08.BMP,i08_09_2.bmp,5.87500,8
I08.BMP,i08_09_3.bmp,5.03125,8
I08.BMP,i08_09_4.bmp,3.50000,8
I08.BMP,i08_09_5.bmp,1.75000,8
I08.BMP,i08_10_1.bmp,5.96774,9
I08.BMP,i08_10_2.bmp,5.59375,9
I08.BMP,i08_10_3.bmp,4.68750,9
I08.BMP,i08_10_4.bmp,3.21875,9
I08.BMP,i08_10_5.bmp,1.34375,9
I08.BMP,I08_11_1.BMP,6.00000,10
I08.BMP,i08_11_2.bmp,5.25000,10
I08.BMP,i08_11_3.bmp,4.56667,10
I08.BMP,i08_11_4.bmp,4.19355,10
I08.BMP,i08_11_5.bmp,2.26667,10
I08.BMP,i08_12_1.bmp,6.19355,11
I08.BMP,i08_12_2.bmp,5.74194,11
I08.BMP,i08_12_3.bmp,5.50000,11
I08.BMP,i08_12_4.bmp,4.81250,11
I08.BMP,i08_12_5.bmp,4.25000,11
I08.BMP,I08_13_1.BMP,5.78125,12
I08.BMP,i08_13_2.bmp,3.26667,12
I08.BMP,i08_13_3.bmp,4.38710,12
I08.BMP,i08_13_4.bmp,2.73333,12
I08.BMP,i08_13_5.bmp,2.12500,12
I08.BMP,i08_14_1.bmp,5.65625,13
I08.BMP,i08_14_2.bmp,5.43750,13
I08.BMP,i08_14_3.bmp,4.87097,13
I08.BMP,i08_14_4.bmp,4.75000,13
I08.BMP,i08_14_5.bmp,4.00000,13
I08.BMP,i08_15_1.bmp,3.77419,14
I08.BMP,i08_15_2.bmp,2.93548,14
I08.BMP,i08_15_3.bmp,3.28125,14
I08.BMP,i08_15_4.bmp,3.68750,14
I08.BMP,i08_15_5.bmp,3.51613,14
I08.BMP,i08_16_1.bmp,6.06250,15
I08.BMP,i08_16_2.bmp,5.75000,15
I08.BMP,i08_16_3.bmp,5.87097,15
I08.BMP,i08_16_4.bmp,4.90323,15
I08.BMP,i08_16_5.bmp,4.56667,15
I08.BMP,i08_17_1.bmp,5.40625,16
I08.BMP,i08_17_2.bmp,5.58065,16
I08.BMP,i08_17_3.bmp,4.18750,16
I08.BMP,i08_17_4.bmp,5.06452,16
I08.BMP,i08_17_5.bmp,3.25806,16
I08.BMP,i08_18_1.bmp,4.25000,17
I08.BMP,i08_18_2.bmp,3.74194,17
I08.BMP,i08_18_3.bmp,2.93750,17
I08.BMP,i08_18_4.bmp,2.84375,17
I08.BMP,i08_18_5.bmp,2.87097,17
I08.BMP,i08_19_1.bmp,5.38710,18
I08.BMP,i08_19_2.bmp,4.93548,18
I08.BMP,i08_19_3.bmp,4.68750,18
I08.BMP,i08_19_4.bmp,4.03226,18
I08.BMP,i08_19_5.bmp,3.59375,18
I08.BMP,i08_20_1.bmp,5.87097,19
I08.BMP,i08_20_2.bmp,5.96774,19
I08.BMP,i08_20_3.bmp,5.26667,19
I08.BMP,i08_20_4.bmp,4.62500,19
I08.BMP,i08_20_5.bmp,3.81250,19
I08.BMP,i08_21_1.bmp,5.68750,20
I08.BMP,i08_21_2.bmp,4.93548,20
I08.BMP,i08_21_3.bmp,4.29032,20
I08.BMP,i08_21_4.bmp,3.80645,20
I08.BMP,i08_21_5.bmp,2.67742,20
I08.BMP,i08_22_1.bmp,5.61290,21
I08.BMP,i08_22_2.bmp,5.45161,21
I08.BMP,i08_22_3.bmp,4.16129,21
I08.BMP,i08_22_4.bmp,3.06250,21
I08.BMP,i08_22_5.bmp,2.37500,21
I08.BMP,i08_23_1.bmp,6.03226,22
I08.BMP,i08_23_2.bmp,6.16129,22
I08.BMP,i08_23_3.bmp,5.67742,22
I08.BMP,i08_23_4.bmp,5.50000,22
I08.BMP,i08_23_5.bmp,5.43750,22
I08.BMP,i08_24_1.bmp,5.93548,23
I08.BMP,i08_24_2.bmp,5.78125,23
I08.BMP,i08_24_3.bmp,5.29032,23
I08.BMP,i08_24_4.bmp,3.96774,23
I08.BMP,i08_24_5.bmp,2.62500,23
I09.BMP,I09_01_1.bmp,5.36364,0
I09.BMP,i09_01_2.bmp,5.00000,0
I09.BMP,i09_01_3.bmp,4.54545,0
I09.BMP,i09_01_4.bmp,4.03226,0
I09.BMP,i09_01_5.bmp,3.63636,0
I09.BMP,i09_02_1.bmp,5.87879,1
I09.BMP,i09_02_2.bmp,6.03030,1
I09.BMP,i09_02_3.bmp,5.56250,1
I09.BMP,i09_02_4.bmp,4.87500,1
I09.BMP,i09_02_5.bmp,4.54545,1
I09.BMP,i09_03_1.bmp,4.60606,2
I09.BMP,i09_03_2.bmp,4.09375,2
I09.BMP,i09_03_3.bmp,3.69697,2
I09.BMP,i09_03_4.bmp,3.25000,2
I09.BMP,i09_03_5.bmp,2.87879,2
I09.BMP,i09_04_1.bmp,5.74194,3
I09.BMP,i09_04_2.bmp,5.59375,3
I09.BMP,i09_04_3.bmp,5.38710,3
I09.BMP,i09_04_4.bmp,4.67742,3
I09.BMP,i09_04_5.bmp,4.27273,3
I09.BMP,i09_05_1.bmp,5.93548,4
I09.BMP,i09_05_2.bmp,5.50000,4
I09.BMP,i09_05_3.bmp,4.96875,4
I09.BMP,i09_05_4.bmp,4.09091,4
I09.BMP,i09_05_5.bmp,3.59375,4
I09.BMP,i09_06_1.bmp,5.21875,5
I09.BMP,i09_06_2.bmp,4.31250,5
I09.BMP,i09_06_3.bmp,4.16129,5
I09.BMP,i09_06_4.bmp,3.81250,5
I09.BMP,i09_06_5.bmp,3.34375,5
I09.BMP,i09_07_1.bmp,4.87879,6
I09.BMP,i09_07_2.bmp,4.75000,6
I09.BMP,i09_07_3.bmp,4.12903,6
I09.BMP,i09_07_4.bmp,3.66667,6
I09.BMP,i09_07_5.bmp,2.70968,6
I09.BMP,i09_08_1.bmp,5.87500,7
I09.BMP,i09_08_2.bmp,5.24242,7
I09.BMP,i09_08_3.bmp,4.34375,7
I09.BMP,i09_08_4.bmp,3.48485,7
I09.BMP,i09_08_5.bmp,2.37500,7
I09.BMP,i09_09_1.bmp,6.54545,8
I09.BMP,i09_09_2.bmp,6.09091,8
I09.BMP,i09_09_3.bmp,5.15152,8
I09.BMP,i09_09_4.bmp,3.90625,8
I09.BMP,i09_09_5.bmp,2.51515,8
I09.BMP,i09_10_1.bmp,6.00000,9
I09.BMP,i09_10_2.bmp,5.65625,9
I09.BMP,i09_10_3.bmp,4.90625,9
I09.BMP,i09_10_4.bmp,3.19355,9
I09.BMP,i09_10_5.bmp,2.34375,9
I09.BMP,I09_11_1.BMP,5.90625,10
I09.BMP,i09_11_2.bmp,5.15625,10
I09.BMP,i09_11_3.bmp,3.96875,10
I09.BMP,i09_11_4.bmp,2.40625,10
I09.BMP,i09_11_5.bmp,0.87879,10
I09.BMP,i09_12_1.bmp,6.06061,11
I09.BMP,i09_12_2.bmp,5.90625,11
I09.BMP,i09_12_3.bmp,4.90625,11
I09.BMP,i09_12_4.bmp,2.96875,11
I09.BMP,i09_12_5.bmp,2.84375,11
I09.BMP,I09_13_1.BMP,4.51515,12
I09.BMP,i09_13_2.bmp,3.77419,12
I09.BMP,i09_13_3.bmp,3.33333,12
I09.BMP,i09_13_4.bmp,2.81818,12
I09.BMP,i09_13_5.bmp,2.87879,12
I09.BMP,i09_14_1.bmp,5.84375,13
I09.BMP,i09_14_2.bmp,5.48485,13
I09.BMP,i09_14_3.bmp,6.28125,13
I09.BMP,i09_14_4.bmp,4.43750,13
I09.BMP,i09_14_5.bmp,3.31250,13
I09.BMP,i09_15_1.bmp,2.90909,14
I09.BMP,i09_15_2.bmp,3.06061,14
I09.BMP,i09_15_3.bmp,3.25000,14
I09.BMP,i09_15_4.bmp,3.59375,14
I09.BMP,i09_15_5.bmp,5.84848,14
I09.BMP,i09_16_1.bmp,6.06061,15
I09.BMP,i09_16_2.bmp,6.30303,15
I09.BMP,i09_16_3.bmp,5.75000,15
I09.BMP,i09_16_4.bmp,5.90323,15
I09.BMP,i09_16_5.bmp,4.66667,15
I09.BMP,i09_17_1.bmp,5.81250,16
I09.BMP,i09_17_2.bmp,6.78788,16
I09.BMP,i09_17_3.bmp,4.78125,16
I09.BMP,i09_17_4.bmp,6.36364,16
I09.BMP,i09_17_5.bmp,3.60606,16
I09.BMP,i09_18_1.bmp,4.81818,17
I09.BMP,i09_18_2.bmp,4.30303,17
I09.BMP,i09_18_3.bmp,4.06452,17
I09.BMP,i09_18_4.bmp,3.31250,17
I09.BMP,i09_18_5.bmp,3.15625,17
I09.BMP,i09_19_1.bmp,5.50000,18
I09.BMP,i09_19_2.bmp,4.67742,18
I09.BMP,i09_19_3.bmp,4.51613,18
I09.BMP,i09_19_4.bmp,4.06250,18
I09.BMP,i09_19_5.bmp,3.48485,18
I09.BMP,i09_20_1.bmp,5.81250,19
I09.BMP,i09_20_2.bmp,5.66667,19
I09.BMP,i09_20_3.bmp,4.50000,19
I09.BMP,i09_20_4.bmp,3.90909,19
I09.BMP,i09_20_5.bmp,2.90909,19
I09.BMP,i09_21_1.bmp,5.27273,20
I09.BMP,i09_21_2.bmp,4.81250,20
I09.BMP,i09_21_3.bmp,4.25000,20
I09.BMP,i09_21_4.bmp,3.50000,20
I09.BMP,i09_21_5.bmp,2.16129,20
I09.BMP,i09_22_1.bmp,5.71875,21
I09.BMP,i09_22_2.bmp,5.78788,21
I09.BMP,i09_22_3.bmp,5.50000,21
I09.BMP,i09_22_4.bmp,4.09375,21
I09.BMP,i09_22_5.bmp,2.71875,21
I09.BMP,i09_23_1.bmp,6.25000,22
I09.BMP,i09_23_2.bmp,6.28125,22
I09.BMP,i09_23_3.bmp,6.03030,22
I09.BMP,i09_23_4.bmp,4.81250,22
I09.BMP,i09_23_5.bmp,2.87500,22
I09.BMP,i09_24_1.bmp,5.75000,23
I09.BMP,i09_24_2.bmp,5.09375,23
I09.BMP,i09_24_3.bmp,3.75000,23
I09.BMP,i09_24_4.bmp,2.03030,23
I09.BMP,i09_24_5.bmp,0.24242,23
I10.BMP,I10_01_1.bmp,5.71795,0
I10.BMP,i10_01_2.bmp,5.43243,0
I10.BMP,i10_01_3.bmp,4.74359,0
I10.BMP,i10_01_4.bmp,4.53846,0
I10.BMP,i10_01_5.bmp,3.81579,0
I10.BMP,i10_02_1.bmp,6.05405,1
I10.BMP,i10_02_2.bmp,5.83784,1
I10.BMP,i10_02_3.bmp,5.76923,1
I10.BMP,i10_02_4.bmp,5.52632,1
I10.BMP,i10_02_5.bmp,4.72973,1
I10.BMP,i10_03_1.bmp,5.05405,2
I10.BMP,i10_03_2.bmp,4.36111,2
I10.BMP,i10_03_3.bmp,4.02564,2
I10.BMP,i10_03_4.bmp,3.30769,2
I10.BMP,i10_03_5.bmp,2.92308,2
I10.BMP,i10_04_1.bmp,6.07692,3
I10.BMP,i10_04_2.bmp,5.11111,3
I10.BMP,i10_04_3.bmp,5.15789,3
I10.BMP,i10_04_4.bmp,4.76923,3
I10.BMP,i10_04_5.bmp,4.23077,3
I10.BMP,i10_05_1.bmp,6.05128,4
I10.BMP,i10_05_2.bmp,5.79487,4
I10.BMP,i10_05_3.bmp,5.17949,4
I10.BMP,i10_05_4.bmp,4.39474,4
I10.BMP,i10_05_5.bmp,3.34211,4
I10.BMP,i10_06_1.bmp,5.15789,5
I10.BMP,i10_06_2.bmp,4.64865,5
I10.BMP,i10_06_3.bmp,4.57895,5
I10.BMP,i10_06_4.bmp,3.84211,5
I10.BMP,i10_06_5.bmp,3.40541,5
I10.BMP,i10_07_1.bmp,5.54054,6
I10.BMP,i10_07_2.bmp,5.02564,6
I10.BMP,i10_07_3.bmp,4.46154,6
I10.BMP,i10_07_4.bmp,4.00000,6
I10.BMP,i10_07_5.bmp,3.05263,6
I10.BMP,i10_08_1.bmp,5.97368,7
I10.BMP,i10_08_2.bmp,5.30769,7
I10.BMP,i10_08_3.bmp,4.35135,7
I10.BMP,i10_08_4.bmp,3.50000,7
I10.BMP,i10_08_5.bmp,2.78947,7
I10.BMP,i10_09_1.bmp,5.97436,8
I10.BMP,i10_09_2.bmp,5.69231,8
I10.BMP,i10_09_3.bmp,5.17949,8
I10.BMP,i10_09_4.bmp,3.81579,8
I10.BMP,i10_09_5.bmp,2.28205,8
I10.BMP,i10_10_1.bmp,5.86842,9
I10.BMP,i10_10_2.bmp,5.81579,9
I10.BMP,i10_10_3.bmp,5.20513,9
I10.BMP,i10_10_4.bmp,3.64103,9
I10.BMP,i10_10_5.bmp,2.43590,9
I10.BMP,I10_11_1.BMP,5.15385,10
I10.BMP,i10_11_2.bmp,4.46154,10
I10.BMP,i10_11_3.bmp,3.61538,10
I10.BMP,i10_11_4.bmp,2.18421,10
I10.BMP,i10_11_5.bmp,1.23684,10
I10.BMP,i10_12_1.bmp,4.76923,11
I10.BMP,i10_12_2.bmp,5.84211,11
I10.BMP,i10_12_3.bmp,4.92308,11
I10.BMP,i10_12_4.bmp,4.05263,11
I10.BMP,i10_12_5.bmp,2.68421,11
I10.BMP,I10_13_1.BMP,5.78947,12
I10.BMP,i10_13_2.bmp,3.92105,12
I10.BMP,i10_13_3.bmp,3.42105,12
I10.BMP,i10_13_4.bmp,2.68421,12
I10.BMP,i10_13_5.bmp,2.89744,12
I10.BMP,i10_14_1.bmp,5.82051,13
I10.BMP,i10_14_2.bmp,6.15385,13
I10.BMP,i10_14_3.bmp,5.55263,13
I10.BMP,i10_14_4.bmp,4.27027,13
I10.BMP,i10_14_5.bmp,3.84211,13
I10.BMP,i10_15_1.bmp,3.07895,14
I10.BMP,i10_15_2.bmp,3.23077,14
I10.BMP,i10_15_3.bmp,3.61538,14
I10.BMP,i10_15_4.bmp,3.36842,14
I10.BMP,i10_15_5.bmp,4.17949,14
I10.BMP,i10_16_1.bmp,6.12821,15
I10.BMP,i10_16_2.bmp,6.10256,15
I10.BMP,i10_16_3.bmp,6.02564,15
I10.BMP,i10_16_4.bmp,5.57895,15
I10.BMP,i10_16_5.bmp,5.12821,15
I10.BMP,i10_17_1.bmp,5.71053,16
I10.BMP,i10_17_2.bmp,6.58974,16
I10.BMP,i10_17_3.bmp,4.56757,16
I10.BMP,i10_17_4.bmp,6.56410,16
I10.BMP,i10_17_5.bmp,3.69231,16
I10.BMP,i10_18_1.bmp,4.51282,17
I10.BMP,i10_18_2.bmp,4.07692,17
I10.BMP,i10_18_3.bmp,3.82051,17
I10.BMP,i10_18_4.bmp,3.63158,17
I10.BMP,i10_18_5.bmp,3.31579,17
I10.BMP,i10_19_1.bmp,5.57895,18
I10.BMP,i10_19_2.bmp,5.42105,18
I10.BMP,i10_19_3.bmp,4.67568,18
I10.BMP,i10_19_4.bmp,4.21622,18
I10.BMP,i10_19_5.bmp,3.87179,18
I10.BMP,i10_20_1.bmp,5.84615,19
I10.BMP,i10_20_2.bmp,5.38462,19
I10.BMP,i10_20_3.bmp,4.43590,19
I10.BMP,i10_20_4.bmp,3.57895,19
I10.BMP,i10_20_5.bmp,2.86486,19
I10.BMP,i10_21_1.bmp,5.50000,20
I10.BMP,i10_21_2.bmp,5.17949,20
I10.BMP,i10_21_3.bmp,4.25641,20
I10.BMP,i10_21_4.bmp,3.76923,20
I10.BMP,i10_21_5.bmp,2.51282,20
I10.BMP,i10_22_1.bmp,5.97368,21
I10.BMP,i10_22_2.bmp,4.87179,21
I10.BMP,i10_22_3.bmp,4.48649,21
I10.BMP,i10_22_4.bmp,4.02778,21
I10.BMP,i10_22_5.bmp,3.25641,21
I10.BMP,i10_23_1.bmp,6.15385,22
I10.BMP,i10_23_2.bmp,5.94872,22
I10.BMP,i10_23_3.bmp,4.55263,22
I10.BMP,i10_23_4.bmp,2.60526,22
I10.BMP,i10_23_5.bmp,1.44737,22
I10.BMP,i10_24_1.bmp,5.46154,23
I10.BMP,i10_24_2.bmp,4.78947,23
I10.BMP,i10_24_3.bmp,3.51282,23
I10.BMP,i10_24_4.bmp,1.86486,23
I10.BMP,i10_24_5.bmp,0.36842,23
I11.BMP,I11_01_1.bmp,5.54054,0
I11.BMP,i11_01_2.bmp,5.16216,0
I11.BMP,i11_01_3.bmp,5.35135,0
I11.BMP,i11_01_4.bmp,4.28571,0
I11.BMP,i11_01_5.bmp,3.86111,0
I11.BMP,i11_02_1.bmp,5.55556,1
I11.BMP,i11_02_2.bmp,5.88571,1
I11.BMP,i11_02_3.bmp,5.44444,1
I11.BMP,i11_02_4.bmp,5.19444,1
I11.BMP,i11_02_5.bmp,4.75000,1
I11.BMP,i11_03_1.bmp,5.00000,2
I11.BMP,i11_03_2.bmp,4.43243,2
I11.BMP,i11_03_3.bmp,3.82857,2
I11.BMP,i11_03_4.bmp,3.27027,2
I11.BMP,i11_03_5.bmp,2.91667,2
I11.BMP,i11_04_1.bmp,5.47059,3
I11.BMP,i11_04_2.bmp,5.62162,3
I11.BMP,i11_04_3.bmp,5.28571,3
I11.BMP,i11_04_4.bmp,5.19444,3
I11.BMP,i11_04_5.bmp,4.67568,3
I11.BMP,i11_05_1.bmp,6.02703,4
I11.BMP,i11_05_2.bmp,5.80556,4
I11.BMP,i11_05_3.bmp,5.29730,4
I11.BMP,i11_05_4.bmp,4.19444,4
I11.BMP,i11_05_5.bmp,3.05556,4
I11.BMP,i11_06_1.bmp,4.69444,5
I11.BMP,i11_06_2.bmp,4.38889,5
I11.BMP,i11_06_3.bmp,3.97297,5
I11.BMP,i11_06_4.bmp,3.54054,5
I11.BMP,i11_06_5.bmp,3.02857,5
I11.BMP,i11_07_1.bmp,5.56757,6
I11.BMP,i11_07_2.bmp,4.80000,6
I11.BMP,i11_07_3.bmp,4.52778,6
I11.BMP,i11_07_4.bmp,3.94118,6
I11.BMP,i11_07_5.bmp,2.75676,6
I11.BMP,i11_08_1.bmp,4.94286,7
I11.BMP,i11_08_2.bmp,4.57143,7
I11.BMP,i11_08_3.bmp,3.75676,7
I11.BMP,i11_08_4.bmp,2.85714,7
I11.BMP,i11_08_5.bmp,2.33333,7
I11.BMP,i11_09_1.bmp,5.81081,8
I11.BMP,i11_09_2.bmp,5.86486,8
I11.BMP,i11_09_3.bmp,4.66667,8
I11.BMP,i11_09_4.bmp,3.33333,8
I11.BMP,i11_09_5.bmp,1.97222,8
I11.BMP,i11_10_1.bmp,5.81081,9
I11.BMP,i11_10_2.bmp,5.64865,9
I11.BMP,i11_10_3.bmp,5.02778,9
I11.BMP,i11_10_4.bmp,3.48649,9
I11.BMP,i11_10_5.bmp,2.27027,9
I11.BMP,I11_11_1.BMP,5.86111,10
I11.BMP,i11_11_2.bmp,5.42857,10
I11.BMP,i11_11_3.bmp,4.47222,10
I11.BMP,i11_11_4.bmp,2.91429,10
I11.BMP,i11_11_5.bmp,0.97222,10
I11.BMP,i11_12_1.bmp,5.61111,11
I11.BMP,i11_12_2.bmp,5.97222,11
I11.BMP,i11_12_3.bmp,4.62162,11
I11.BMP,i11_12_4.bmp,3.77778,11
I11.BMP,i11_12_5.bmp,2.02778,11
I11.BMP,I11_13_1.BMP,4.08333,12
I11.BMP,i11_13_2.bmp,4.54054,12
I11.BMP,i11_13_3.bmp,3.25000,12
I11.BMP,i11_13_4.bmp,2.75000,12
I11.BMP,i11_13_5.bmp,2.27778,12
I11.BMP,i11_14_1.bmp,5.83333,13
I11.BMP,i11_14_2.bmp,5.45714,13
I11.BMP,i11_14_3.bmp,5.29730,13
I11.BMP,i11_14_4.bmp,5.16667,13
I11.BMP,i11_14_5.bmp,4.38889,13
I11.BMP,i11_15_1.bmp,3.18919,14
I11.BMP,i11_15_2.bmp,3.38889,14
I11.BMP,i11_15_3.bmp,3.50000,14
I11.BMP,i11_15_4.bmp,3.67568,14
I11.BMP,i11_15_5.bmp,3.50000,14
I11.BMP,i11_16_1.bmp,6.10811,15
I11.BMP,i11_16_2.bmp,5.91892,15
I11.BMP,i11_16_3.bmp,5.69444,15
I11.BMP,i11_16_4.bmp,4.94595,15
I11.BMP,i11_16_5.bmp,4.56757,15
I11.BMP,i11_17_1.bmp,5.59459,16
I11.BMP,i11_17_2.bmp,6.75000,16
I11.BMP,i11_17_3.bmp,4.34286,16
I11.BMP,i11_17_4.bmp,6.83784,16
I11.BMP,i11_17_5.bmp,3.21622,16
I11.BMP,i11_18_1.bmp,4.55556,17
I11.BMP,i11_18_2.bmp,4.27027,17
I11.BMP,i11_18_3.bmp,3.58333,17
I11.BMP,i11_18_4.bmp,3.44118,17
I11.BMP,i11_18_5.bmp,3.51351,17
I11.BMP,i11_19_1.bmp,5.64865,18
I11.BMP,i11_19_2.bmp,5.11111,18
I11.BMP,i11_19_3.bmp,4.64865,18
I11.BMP,i11_19_4.bmp,3.97143,18
I11.BMP,i11_19_5.bmp,3.62162,18
I11.BMP,i11_20_1.bmp,6.02857,19
I11.BMP,i11_20_2.bmp,5.59459,19
I11.BMP,i11_20_3.bmp,5.35135,19
I11.BMP,i11_20_4.bmp,4.88889,19
I11.BMP,i11_20_5.bmp,3.63889,19
I11.BMP,i11_21_1.bmp,5.70270,20
I11.BMP,i11_21_2.bmp,5.41667,20
I11.BMP,i11_21_3.bmp,4.40541,20
I11.BMP,i11_21_4.bmp,3.86111,20
I11.BMP,i11_21_5.bmp,2.64865,20
I11.BMP,i11_22_1.bmp,5.56757,21
I11.BMP,i11_22_2.bmp,5.40541,21
I11.BMP,i11_22_3.bmp,4.89189,21
I11.BMP,i11_22_4.bmp,3.64865,21
I11.BMP,i11_22_5.bmp,2.52778,21
I11.BMP,i11_23_1.bmp,5.86486,22
I11.BMP,i11_23_2.bmp,5.83784,22
I11.BMP,i11_23_3.bmp,5.94595,22
I11.BMP,i11_23_4.bmp,5.27027,22
I11.BMP,i11_23_5.bmp,2.75676,22
I11.BMP,i11_24_1.bmp,5.91892,23
I11.BMP,i11_24_2.bmp,5.47222,23
I11.BMP,i11_24_3.bmp,4.62857,23
I11.BMP,i11_24_4.bmp,2.88571,23
I11.BMP,i11_24_5.bmp,0.58333,23
I12.BMP,I12_01_1.bmp,5.94595,0
I12.BMP,i12_01_2.bmp,4.97222,0
I12.BMP,i12_01_3.bmp,4.78947,0
I12.BMP,i12_01_4.bmp,4.13889,0
I12.BMP,i12_01_5.bmp,3.76316,0
I12.BMP,i12_02_1.bmp,6.08108,1
I12.BMP,i12_02_2.bmp,5.97297,1
I12.BMP,i12_02_3.bmp,5.52632,1
I12.BMP,i12_02_4.bmp,5.05263,1
I12.BMP,i12_02_5.bmp,4.54054,1
I12.BMP,i12_03_1.bmp,4.56757,2
I12.BMP,i12_03_2.bmp,4.16216,2
I12.BMP,i12_03_3.bmp,3.75676,2
I12.BMP,i12_03_4.bmp,3.10526,2
I12.BMP,i12_03_5.bmp,2.71053,2
I12.BMP,i12_04_1.bmp,5.91892,3
I12.BMP,i12_04_2.bmp,5.52632,3
I12.BMP,i12_04_3.bmp,5.21053,3
I12.BMP,i12_04_4.bmp,4.70270,3
I12.BMP,i12_04_5.bmp,3.78378,3
I12.BMP,i12_05_1.bmp,5.64865,4
I12.BMP,i12_05_2.bmp,5.81081,4
I12.BMP,i12_05_3.bmp,5.21053,4
I12.BMP,i12_05_4.bmp,4.35135,4
I12.BMP,i12_05_5.bmp,3.65789,4
I12.BMP,i12_06_1.bmp,5.08108,5
I12.BMP,i12_06_2.bmp,4.81579,5
I12.BMP,i12_06_3.bmp,4.45946,5
I12.BMP,i12_06_4.bmp,4.08108,5
I12.BMP,i12_06_5.bmp,3.75000,5
I12.BMP,i12_07_1.bmp,4.69444,6
I12.BMP,i12_07_2.bmp,4.39474,6
I12.BMP,i12_07_3.bmp,4.18421,6
I12.BMP,i12_07_4.bmp,3.18919,6
I12.BMP,i12_07_5.bmp,3.02778,6
I12.BMP,i12_08_1.bmp,6.18421,7
I12.BMP,i12_08_2.bmp,5.47368,7
I12.BMP,i12_08_3.bmp,4.52632,7
I12.BMP,i12_08_4.bmp,3.60526,7
I12.BMP,i12_08_5.bmp,2.77778,7
I12.BMP,i12_09_1.bmp,6.31579,8
I12.BMP,i12_09_2.bmp,5.52778,8
I12.BMP,i12_09_3.bmp,4.73684,8
I12.BMP,i12_09_4.bmp,3.43243,8
I12.BMP,i12_09_5.bmp,2.25714,8
I12.BMP,i12_10_1.bmp,6.08108,9
I12.BMP,i12_10_2.bmp,5.89474,9
I12.BMP,i12_10_3.bmp,5.10526,9
I12.BMP,i12_10_4.bmp,3.10526,9
I12.BMP,i12_10_5.bmp,2.23684,9
I12.BMP,I12_11_1.BMP,5.40541,10
I12.BMP,i12_11_2.bmp,4.67568,10
I12.BMP,i12_11_3.bmp,2.77778,10
I12.BMP,i12_11_4.bmp,1.94737,10
I12.BMP,i12_11_5.bmp,0.81579,10
I12.BMP,i12_12_1.bmp,5.50000,11
I12.BMP,i12_12_2.bmp,5.05263,11
I12.BMP,i12_12_3.bmp,3.64865,11
I12.BMP,i12_12_4.bmp,3.07895,11
I12.BMP,i12_12_5.bmp,3.08108,11
I12.BMP,I12_13_1.BMP,5.37838,12
I12.BMP,i12_13_2.bmp,4.56757,12
I12.BMP,i12_13_3.bmp,3.23684,12
I12.BMP,i12_13_4.bmp,2.83333,12
I12.BMP,i12_13_5.bmp,4.00000,12
I12.BMP,i12_14_1.bmp,5.55263,13
I12.BMP,i12_14_2.bmp,6.15789,13
I12.BMP,i12_14_3.bmp,4.54054,13
I12.BMP,i12_14_4.bmp,4.47368,13
I12.BMP,i12_14_5.bmp,3.56757,13
I12.BMP,i12_15_1.bmp,3.50000,14
I12.BMP,i12_15_2.bmp,3.51429,14
I12.BMP,i12_15_3.bmp,3.65789,14
I12.BMP,i12_15_4.bmp,4.07895,14
I12.BMP,i12_15_5.bmp,4.54286,14
I12.BMP,i12_16_1.bmp,6.52632,15
I12.BMP,i12_16_2.bmp,6.29730,15
I12.BMP,i12_16_3.bmp,6.05263,15
I12.BMP,i12_16_4.bmp,6.11111,15
I12.BMP,i12_16_5.bmp,5.67568,15
I12.BMP,i12_17_1.bmp,6.26316,16
I12.BMP,i12_17_2.bmp,6.81579,16
I12.BMP,i12_17_3.bmp,4.81081,16
I12.BMP,i12_17_4.bmp,6.26316,16
I12.BMP,i12_17_5.bmp,4.02632,16
I12.BMP,i12_18_1.bmp,5.64865,17
I12.BMP,i12_18_2.bmp,5.35135,17
I12.BMP,i12_18_3.bmp,5.00000,17
I12.BMP,i12_18_4.bmp,4.48649,17
I12.BMP,i12_18_5.bmp,4.29730,17
I12.BMP,i12_19_1.bmp,5.72973,18
I12.BMP,i12_19_2.bmp,5.51351,18
I12.BMP,i12_19_3.bmp,5.29730,18
I12.BMP,i12_19_4.bmp,4.71053,18
I12.BMP,i12_19_5.bmp,4.02632,18
I12.BMP,i12_20_1.bmp,5.58333,19
I12.BMP,i12_20_2.bmp,5.27778,19
I12.BMP,i12_20_3.bmp,4.43243,19
I12.BMP,i12_20_4.bmp,3.60526,19
I12.BMP,i12_20_5.bmp,2.80556,19
I12.BMP,i12_21_1.bmp,5.15789,20
I12.BMP,i12_21_2.bmp,4.94595,20
I12.BMP,i12_21_3.bmp,4.02632,20
I12.BMP,i12_21_4.bmp,3.02778,20
I12.BMP,i12_21_5.bmp,2.00000,20
I12.BMP,i12_22_1.bmp,5.25000,21
I12.BMP,i12_22_2.bmp,5.13158,21
I12.BMP,i12_22_3.bmp,4.56757,21
I12.BMP,i12_22_4.bmp,3.50000,21
I12.BMP,i12_22_5.bmp,2.62162,21
I12.BMP,i12_23_1.bmp,6.05405,22
I12.BMP,i12_23_2.bmp,6.18421,22
I12.BMP,i12_23_3.bmp,4.89474,22
I12.BMP,i12_23_4.bmp,3.18919,22
I12.BMP,i12_23_5.bmp,2.21053,22
I12.BMP,i12_24_1.bmp,5.86486,23
I12.BMP,i12_24_2.bmp,4.37838,23
I12.BMP,i12_24_3.bmp,3.07895,23
I12.BMP,i12_24_4.bmp,1.97368,23
I12.BMP,i12_24_5.bmp,0.40541,23
I13.BMP,I13_01_1.bmp,5.53488,0
I13.BMP,i13_01_2.bmp,5.42500,0
I13.BMP,i13_01_3.bmp,5.06977,0
I13.BMP,i13_01_4.bmp,4.79070,0
I13.BMP,i13_01_5.bmp,4.02381,0
I13.BMP,i13_02_1.bmp,5.30952,1
I13.BMP,i13_02_2.bmp,5.53659,1
I13.BMP,i13_02_3.bmp,5.62791,1
I13.BMP,i13_02_4.bmp,5.40476,1
I13.BMP,i13_02_5.bmp,4.66667,1
I13.BMP,i13_03_1.bmp,5.14286,2
I13.BMP,i13_03_2.bmp,5.07143,2
I13.BMP,i13_03_3.bmp,4.16667,2
I13.BMP,i13_03_4.bmp,3.66667,2
I13.BMP,i13_03_5.bmp,2.76190,2
I13.BMP,i13_04_1.bmp,5.73171,3
I13.BMP,i13_04_2.bmp,5.47500,3
I13.BMP,i13_04_3.bmp,5.55814,3
I13.BMP,i13_04_4.bmp,5.43902,3
I13.BMP,i13_04_5.bmp,4.92857,3
I13.BMP,i13_05_1.bmp,5.35714,4
I13.BMP,i13_05_2.bmp,5.04762,4
I13.BMP,i13_05_3.bmp,5.51163,4
I13.BMP,i13_05_4.bmp,4.16667,4
I13.BMP,i13_05_5.bmp,3.09524,4
I13.BMP,i13_06_1.bmp,4.55000,5
I13.BMP,i13_06_2.bmp,4.25581,5
I13.BMP,i13_06_3.bmp,3.66667,5
I13.BMP,i13_06_4.bmp,3.44186,5
I13.BMP,i13_06_5.bmp,3.09524,5
I13.BMP,i13_07_1.bmp,5.72500,6
I13.BMP,i13_07_2.bmp,5.31707,6
I13.BMP,i13_07_3.bmp,4.64286,6
I13.BMP,i13_07_4.bmp,3.41463,6
I13.BMP,i13_07_5.bmp,2.82927,6
I13.BMP,i13_08_1.bmp,4.80952,7
I13.BMP,i13_08_2.bmp,3.95238,7
I13.BMP,i13_08_3.bmp,3.12195,7
I13.BMP,i13_08_4.bmp,2.58140,7
I13.BMP,i13_08_5.bmp,1.73810,7
I13.BMP,i13_09_1.bmp,5.07317,8
I13.BMP,i13_09_2.bmp,4.76744,8
I13.BMP,i13_09_3.bmp,3.18605,8
I13.BMP,i13_09_4.bmp,2.16667,8
I13.BMP,i13_09_5.bmp,0.48780,8
I13.BMP,i13_10_1.bmp,5.48837,9
I13.BMP,i13_10_2.bmp,5.46512,9
I13.BMP,i13_10_3.bmp,4.47500,9
I13.BMP,i13_10_4.bmp,3.25581,9
I13.BMP,i13_10_5.bmp,1.16279,9
I13.BMP,I13_11_1.BMP,5.32558,10
I13.BMP,i13_11_2.bmp,5.32558,10
I13.BMP,i13_11_3.bmp,4.69048,10
I13.BMP,i13_11_4.bmp,4.34884,10
I13.BMP,i13_11_5.bmp,2.38095,10
I13.BMP,i13_12_1.bmp,5.23256,11
I13.BMP,i13_12_2.bmp,5.44186,11
I13.BMP,i13_12_3.bmp,5.11628,11
I13.BMP,i13_12_4.bmp,5.26190,11
I13.BMP,i13_12_5.bmp,5.04762,11
I13.BMP,I13_13_1.BMP,5.41860,12
I13.BMP,i13_13_2.bmp,4.92857,12
I13.BMP,i13_13_3.bmp,4.79070,12
I13.BMP,i13_13_4.bmp,3.63415,12
I13.BMP,i13_13_5.bmp,2.40476,12
I13.BMP,i13_14_1.bmp,5.64286,13
I13.BMP,i13_14_2.bmp,5.40476,13
I13.BMP,i13_14_3.bmp,5.73810,13
I13.BMP,i13_14_4.bmp,5.02326,13
I13.BMP,i13_14_5.bmp,3.97619,13
I13.BMP,i13_15_1.bmp,2.73171,14
I13.BMP,i13_15_2.bmp,2.87805,14
I13.BMP,i13_15_3.bmp,3.04762,14
I13.BMP,i13_15_4.bmp,3.57143,14
I13.BMP,i13_15_5.bmp,3.70732,14
I13.BMP,i13_16_1.bmp,5.60465,15
I13.BMP,i13_16_2.bmp,5.27907,15
I13.BMP,i13_16_3.bmp,5.43902,15
I13.BMP,i13_16_4.bmp,4.29268,15
I13.BMP,i13_16_5.bmp,4.44186,15
I13.BMP,i13_17_1.bmp,4.48837,16
I13.BMP,i13_17_2.bmp,6.62791,16
I13.BMP,i13_17_3.bmp,3.72093,16
I13.BMP,i13_17_4.bmp,6.48837,16
I13.BMP,i13_17_5.bmp,2.58537,16
I13.BMP,i13_18_1.bmp,3.95122,17
I13.BMP,i13_18_2.bmp,3.74419,17
I13.BMP,i13_18_3.bmp,3.14286,17
I13.BMP,i13_18_4.bmp,2.84615,17
I13.BMP,i13_18_5.bmp,2.73171,17
I13.BMP,i13_19_1.bmp,5.24390,18
I13.BMP,i13_19_2.bmp,5.26190,18
I13.BMP,i13_19_3.bmp,5.32558,18
I13.BMP,i13_19_4.bmp,4.51220,18
I13.BMP,i13_19_5.bmp,4.16279,18
I13.BMP,i13_20_1.bmp,5.67442,19
I13.BMP,i13_20_2.bmp,5.09524,19
I13.BMP,i13_20_3.bmp,5.52381,19
I13.BMP,i13_20_4.bmp,5.28571,19
I13.BMP,i13_20_5.bmp,5.23256,19
I13.BMP,i13_21_1.bmp,5.65116,20
I13.BMP,i13_21_2.bmp,5.54762,20
I13.BMP,i13_21_3.bmp,5.09524,20
I13.BMP,i13_21_4.bmp,4.72093,20
I13.BMP,i13_21_5.bmp,3.47619,20
I13.BMP,i13_22_1.bmp,5.42857,21
I13.BMP,i13_22_2.bmp,4.78049,21
I13.BMP,i13_22_3.bmp,3.97674,21
I13.BMP,i13_22_4.bmp,2.93023,21
I13.BMP,i13_22_5.bmp,2.41860,21
I13.BMP,i13_23_1.bmp,5.65116,22
I13.BMP,i13_23_2.bmp,5.39535,22
I13.BMP,i13_23_3.bmp,5.45000,22
I13.BMP,i13_23_4.bmp,5.04651,22
I13.BMP,i13_23_5.bmp,5.20930,22
I13.BMP,i13_24_1.bmp,5.44186,23
I13.BMP,i13_24_2.bmp,5.19048,23
I13.BMP,i13_24_3.bmp,4.39535,23
I13.BMP,i13_24_4.bmp,3.86047,23
I13.BMP,i13_24_5.bmp,2.88095,23
I14.BMP,I14_01_1.bmp,5.89189,0
I14.BMP,i14_01_2.bmp,5.69444,0
I14.BMP,i14_01_3.bmp,4.77778,0
I14.BMP,i14_01_4.bmp,4.31429,0
I14.BMP,i14_01_5.bmp,3.75000,0
I14.BMP,i14_02_1.bmp,5.97297,1
I14.BMP,i14_02_2.bmp,5.91667,1
I14.BMP,i14_02_3.bmp,5.77143,1
I14.BMP,i14_02_4.bmp,5.13889,1
I14.BMP,i14_02_5.bmp,4.52778,1
I14.BMP,i14_03_1.bmp,5.19444,2
I14.BMP,i14_03_2.bmp,4.43243,2
I14.BMP,i14_03_3.bmp,3.77778,2
I14.BMP,i14_03_4.bmp,3.08333,2
I14.BMP,i14_03_5.bmp,2.59459,2
I14.BMP,i14_04_1.bmp,6.02857,3
I14.BMP,i14_04_2.bmp,5.63889,3
I14.BMP,i14_04_3.bmp,5.50000,3
I14.BMP,i14_04_4.bmp,4.65714,3
I14.BMP,i14_04_5.bmp,4.02778,3
I14.BMP,i14_05_1.bmp,6.05405,4
I14.BMP,i14_05_2.bmp,5.59459,4
I14.BMP,i14_05_3.bmp,4.97222,4
I14.BMP,i14_05_4.bmp,4.16216,4
I14.BMP,i14_05_5.bmp,3.02703,4
I14.BMP,i14_06_1.bmp,5.08333,5
I14.BMP,i14_06_2.bmp,4.33333,5
I14.BMP,i14_06_3.bmp,4.02778,5
I14.BMP,i14_06_4.bmp,3.77778,5
I14.BMP,i14_06_5.bmp,3.16667,5
I14.BMP,i14_07_1.bmp,5.72222,6
I14.BMP,i14_07_2.bmp,5.44444,6
I14.BMP,i14_07_3.bmp,4.27778,6
I14.BMP,i14_07_4.bmp,3.61111,6
I14.BMP,i14_07_5.bmp,2.91892,6
I14.BMP,i14_08_1.bmp,5.43243,7
I14.BMP,i14_08_2.bmp,4.55556,7
I14.BMP,i14_08_3.bmp,3.48649,7
I14.BMP,i14_08_4.bmp,2.83784,7
I14.BMP,i14_08_5.bmp,1.59459,7
I14.BMP,i14_09_1.bmp,6.05405,8
I14.BMP,i14_09_2.bmp,5.89189,8
I14.BMP,i14_09_3.bmp,4.50000,8
I14.BMP,i14_09_4.bmp,2.89189,8
I14.BMP,i14_09_5.bmp,1.75000,8
I14.BMP,i14_10_1.bmp,5.77778,9
I14.BMP,i14_10_2.bmp,5.16667,9
I14.BMP,i14_10_3.bmp,4.25000,9
I14.BMP,i14_10_4.bmp,3.05556,9
I14.BMP,i14_10_5.bmp,1.86111,9
I14.BMP,I14_11_1.BMP,5.97297,10
I14.BMP,i14_11_2.bmp,5.47222,10
I14.BMP,i14_11_3.bmp,4.24324,10
I14.BMP,i14_11_4.bmp,3.08333,10
I14.BMP,i14_11_5.bmp,1.28571,10
I14.BMP,i14_12_1.bmp,5.81081,11
I14.BMP,i14_12_2.bmp,5.64706,11
I14.BMP,i14_12_3.bmp,4.05714,11
I14.BMP,i14_12_4.bmp,4.13514,11
I14.BMP,i14_12_5.bmp,3.18919,11
I14.BMP,I14_13_1.BMP,5.02703,12
I14.BMP,i14_13_2.bmp,4.52778,12
I14.BMP,i14_13_3.bmp,3.62162,12
I14.BMP,i14_13_4.bmp,3.08333,12
I14.BMP,i14_13_5.bmp,1.91667,12
I14.BMP,i14_14_1.bmp,6.05405,13
I14.BMP,i14_14_2.bmp,5.70270,13
I14.BMP,i14_14_3.bmp,4.69444,13
I14.BMP,i14_14_4.bmp,4.16667,13
I14.BMP,i14_14_5.bmp,3.37143,13
I14.BMP,i14_15_1.bmp,2.94595,14
I14.BMP,i14_15_2.bmp,3.35135,14
I14.BMP,i14_15_3.bmp,3.52941,14
I14.BMP,i14_15_4.bmp,3.62162,14
I14.BMP,i14_15_5.bmp,3.97297,14
I14.BMP,i14_16_1.bmp,5.77143,15
I14.BMP,i14_16_2.bmp,5.97297,15
I14.BMP,i14_16_3.bmp,5.30556,15
I14.BMP,i14_16_4.bmp,5.17143,15
I14.BMP,i14_16_5.bmp,4.02857,15
I14.BMP,i14_17_1.bmp,5.40541,16
I14.BMP,i14_17_2.bmp,6.43243,16
I14.BMP,i14_17_3.bmp,4.13889,16
I14.BMP,i14_17_4.bmp,5.91892,16
I14.BMP,i14_17_5.bmp,3.24324,16
I14.BMP,i14_18_1.bmp,5.37143,17
I14.BMP,i14_18_2.bmp,5.13889,17
I14.BMP,i14_18_3.bmp,4.66667,17
I14.BMP,i14_18_4.bmp,4.14706,17
I14.BMP,i14_18_5.bmp,3.75000,17
I14.BMP,i14_19_1.bmp,5.37143,18
I14.BMP,i14_19_2.bmp,5.11111,18
I14.BMP,i14_19_3.bmp,4.97222,18
I14.BMP,i14_19_4.bmp,3.91429,18
I14.BMP,i14_19_5.bmp,3.22857,18
I14.BMP,i14_20_1.bmp,5.72222,19
I14.BMP,i14_20_2.bmp,5.59459,19
I14.BMP,i14_20_3.bmp,5.41667,19
I14.BMP,i14_20_4.bmp,4.19444,19
I14.BMP,i14_20_5.bmp,3.27027,19
I14.BMP,i14_21_1.bmp,5.29730,20
I14.BMP,i14_21_2.bmp,5.16667,20
I14.BMP,i14_21_3.bmp,4.54054,20
I14.BMP,i14_21_4.bmp,3.75000,20
I14.BMP,i14_21_5.bmp,2.64865,20
I14.BMP,i14_22_1.bmp,5.40541,21
I14.BMP,i14_22_2.bmp,5.37143,21
I14.BMP,i14_22_3.bmp,5.05556,21
I14.BMP,i14_22_4.bmp,3.97143,21
I14.BMP,i14_22_5.bmp,3.27778,21
I14.BMP,i14_23_1.bmp,6.02778,22
I14.BMP,i14_23_2.bmp,6.02703,22
I14.BMP,i14_23_3.bmp,5.61111,22
I14.BMP,i14_23_4.bmp,5.00000,22
I14.BMP,i14_23_5.bmp,2.77778,22
I14.BMP,i14_24_1.bmp,6.13514,23
I14.BMP,i14_24_2.bmp,5.58333,23
I14.BMP,i14_24_3.bmp,4.44444,23
I14.BMP,i14_24_4.bmp,3.18919,23
I14.BMP,i14_24_5.bmp,0.91892,23
I15.BMP,I15_01_1.bmp,5.82222,0
I15.BMP,i15_01_2.bmp,5.06818,0
I15.BMP,i15_01_3.bmp,4.95556,0
I15.BMP,i15_01_4.bmp,4.27907,0
I15.BMP,i15_01_5.bmp,3.91111,0
I15.BMP,i15_02_1.bmp,6.09091,1
I15.BMP,i15_02_2.bmp,5.81818,1
I15.BMP,i15_02_3.bmp,5.63636,1
I15.BMP,i15_02_4.bmp,4.88636,1
I15.BMP,i15_02_5.bmp,4.63636,1
I15.BMP,i15_03_1.bmp,4.32558,2
I15.BMP,i15_03_2.bmp,3.81395,2
I15.BMP,i15_03_3.bmp,3.61364,2
I15.BMP,i15_03_4.bmp,3.17778,2
I15.BMP,i15_03_5.bmp,2.62791,2
I15.BMP,i15_04_1.bmp,6.02273,3
I15.BMP,i15_04_2.bmp,6.04444,3
I15.BMP,i15_04_3.bmp,5.83721,3
I15.BMP,i15_04_4.bmp,5.77778,3
I15.BMP,i15_04_5.bmp,4.97727,3
I15.BMP,i15_05_1.bmp,5.78571,4
I15.BMP,i15_05_2.bmp,5.65116,4
I15.BMP,i15_05_3.bmp,5.11364,4
I15.BMP,i15_05_4.bmp,4.06818,4
I15.BMP,i15_05_5.bmp,3.31818,4
I15.BMP,i15_06_1.bmp,4.43182,5
I15.BMP,i15_06_2.bmp,4.17778,5
I15.BMP,i15_06_3.bmp,3.97674,5
I15.BMP,i15_06_4.bmp,3.36364,5
I15.BMP,i15_06_5.bmp,3.17778,5
I15.BMP,i15_07_1.bmp,4.81395,6
I15.BMP,i15_07_2.bmp,3.93023,6
I15.BMP,i15_07_3.bmp,3.61364,6
I15.BMP,i15_07_4.bmp,2.91111,6
I15.BMP,i15_07_5.bmp,2.44444,6
I15.BMP,i15_08_1.bmp,5.95556,7
I15.BMP,i15_08_2.bmp,6.06667,7
I15.BMP,i15_08_3.bmp,5.13636,7
I15.BMP,i15_08_4.bmp,3.93182,7
I15.BMP,i15_08_5.bmp,3.36364,7
I15.BMP,i15_09_1.bmp,5.93023,8
I15.BMP,i15_09_2.bmp,5.54545,8
I15.BMP,i15_09_3.bmp,4.69767,8
I15.BMP,i15_09_4.bmp,3.74419,8
I15.BMP,i15_09_5.bmp,2.50000,8
I15.BMP,i15_10_1.bmp,5.77778,9
I15.BMP,i15_10_2.bmp,5.70455,9
I15.BMP,i15_10_3.bmp,4.60000,9
I15.BMP,i15_10_4.bmp,3.17778,9
I15.BMP,i15_10_5.bmp,1.86667,9
I15.BMP,I15_11_1.BMP,5.84444,10
I15.BMP,i15_11_2.bmp,4.40000,10
I15.BMP,i15_11_3.bmp,3.04878,10
I15.BMP,i15_11_4.bmp,2.00000,10
I15.BMP,i15_11_5.bmp,0.65116,10
I15.BMP,i15_12_1.bmp,5.66667,11
I15.BMP,i15_12_2.bmp,5.40909,11
I15.BMP,i15_12_3.bmp,4.22222,11
I15.BMP,i15_12_4.bmp,3.20000,11
I15.BMP,i15_12_5.bmp,2.56818,11
I15.BMP,I15_13_1.BMP,4.84091,12
I15.BMP,i15_13_2.bmp,3.76744,12
I15.BMP,i15_13_3.bmp,3.34884,12
I15.BMP,i15_13_4.bmp,2.86364,12
I15.BMP,i15_13_5.bmp,2.11364,12
I15.BMP,i15_14_1.bmp,5.59091,13
I15.BMP,i15_14_2.bmp,6.15556,13
I15.BMP,i15_14_3.bmp,5.95556,13
I15.BMP,i15_14_4.bmp,5.02381,13
I15.BMP,i15_14_5.bmp,3.79545,13
I15.BMP,i15_15_1.bmp,3.88636,14
I15.BMP,i15_15_2.bmp,4.02273,14
I15.BMP,i15_15_3.bmp,3.95455,14
I15.BMP,i15_15_4.bmp,4.13636,14
I15.BMP,i15_15_5.bmp,4.95455,14
I15.BMP,i15_16_1.bmp,6.22727,15
I15.BMP,i15_16_2.bmp,5.90698,15
I15.BMP,i15_16_3.bmp,5.42222,15
I15.BMP,i15_16_4.bmp,5.38636,15
I15.BMP,i15_16_5.bmp,4.02326,15
I15.BMP,i15_17_1.bmp,5.93182,16
I15.BMP,i15_17_2.bmp,6.66667,16
I15.BMP,i15_17_3.bmp,5.00000,16
I15.BMP,i15_17_4.bmp,6.31111,16
I15.BMP,i15_17_5.bmp,3.82222,16
I15.BMP,i15_18_1.bmp,5.15556,17
I15.BMP,i15_18_2.bmp,4.81395,17
I15.BMP,i15_18_3.bmp,4.37209,17
I15.BMP,i15_18_4.bmp,4.09091,17
I15.BMP,i15_18_5.bmp,3.76744,17
I15.BMP,i15_19_1.bmp,5.90909,18
I15.BMP,i15_19_2.bmp,5.33333,18
I15.BMP,i15_19_3.bmp,4.72093,18
I15.BMP,i15_19_4.bmp,4.37209,18
I15.BMP,i15_19_5.bmp,3.91111,18
I15.BMP,i15_20_1.bmp,6.32558,19
I15.BMP,i15_20_2.bmp,5.64444,19
I15.BMP,i15_20_3.bmp,4.74419,19
I15.BMP,i15_20_4.bmp,3.13333,19
I15.BMP,i15_20_5.bmp,2.44444,19
I15.BMP,i15_21_1.bmp,5.22727,20
I15.BMP,i15_21_2.bmp,4.55556,20
I15.BMP,i15_21_3.bmp,3.91111,20
I15.BMP,i15_21_4.bmp,3.11364,20
I15.BMP,i15_21_5.bmp,2.30233,20
I15.BMP,i15_22_1.bmp,6.33333,21
I15.BMP,i15_22_2.bmp,5.80000,21
I15.BMP,i15_22_3.bmp,5.38636,21
I15.BMP,i15_22_4.bmp,4.48889,21
I15.BMP,i15_22_5.bmp,3.71111,21
I15.BMP,i15_23_1.bmp,5.90909,22
I15.BMP,i15_23_2.bmp,5.90909,22
I15.BMP,i15_23_3.bmp,5.36364,22
I15.BMP,i15_23_4.bmp,4.47727,22
I15.BMP,i15_23_5.bmp,3.37209,22
I15.BMP,i15_24_1.bmp,5.77273,23
I15.BMP,i15_24_2.bmp,4.81395,23
I15.BMP,i15_24_3.bmp,3.22727,23
I15.BMP,i15_24_4.bmp,1.88636,23
I15.BMP,i15_24_5.bmp,0.72727,23
I16.BMP,I16_01_1.bmp,5.61538,0
I16.BMP,i16_01_2.bmp,5.65000,0
I16.BMP,i16_01_3.bmp,5.02632,0
I16.BMP,i16_01_4.bmp,4.15385,0
I16.BMP,i16_01_5.bmp,3.94872,0
I16.BMP,i16_02_1.bmp,5.90000,1
I16.BMP,i16_02_2.bmp,6.15000,1
I16.BMP,i16_02_3.bmp,5.57500,1
I16.BMP,i16_02_4.bmp,5.20000,1
I16.BMP,i16_02_5.bmp,4.61538,1
I16.BMP,i16_03_1.bmp,4.74359,2
I16.BMP,i16_03_2.bmp,4.07895,2
I16.BMP,i16_03_3.bmp,3.69231,2
I16.BMP,i16_03_4.bmp,3.23684,2
I16.BMP,i16_03_5.bmp,2.79487,2
I16.BMP,i16_04_1.bmp,5.82500,3
I16.BMP,i16_04_2.bmp,5.82051,3
I16.BMP,i16_04_3.bmp,5.75000,3
I16.BMP,i16_04_4.bmp,5.12821,3
I16.BMP,i16_04_5.bmp,4.61538,3
I16.BMP,i16_05_1.bmp,5.80000,4
I16.BMP,i16_05_2.bmp,5.61538,4
I16.BMP,i16_05_3.bmp,5.23077,4
I16.BMP,i16_05_4.bmp,4.35000,4
I16.BMP,i16_05_5.bmp,3.39474,4
I16.BMP,i16_06_1.bmp,5.28205,5
I16.BMP,i16_06_2.bmp,4.82051,5
I16.BMP,i16_06_3.bmp,4.53846,5
I16.BMP,i16_06_4.bmp,3.97368,5
I16.BMP,i16_06_5.bmp,3.58974,5
I16.BMP,i16_07_1.bmp,5.47500,6
I16.BMP,i16_07_2.bmp,4.75000,6
I16.BMP,i16_07_3.bmp,4.35000,6
I16.BMP,i16_07_4.bmp,3.66667,6
I16.BMP,i16_07_5.bmp,3.10256,6
I16.BMP,i16_08_1.bmp,5.82051,7
I16.BMP,i16_08_2.bmp,5.22500,7
I16.BMP,i16_08_3.bmp,4.27500,7
I16.BMP,i16_08_4.bmp,3.61538,7
I16.BMP,i16_08_5.bmp,2.92500,7
I16.BMP,i16_09_1.bmp,6.02564,8
I16.BMP,i16_09_2.bmp,5.76923,8
I16.BMP,i16_09_3.bmp,4.58974,8
I16.BMP,i16_09_4.bmp,3.12821,8
I16.BMP,i16_09_5.bmp,2.34211,8
I16.BMP,i16_10_1.bmp,5.90000,9
I16.BMP,i16_10_2.bmp,5.76923,9
I16.BMP,i16_10_3.bmp,5.25641,9
I16.BMP,i16_10_4.bmp,3.61538,9
I16.BMP,i16_10_5.bmp,2.46154,9
I16.BMP,I16_11_1.BMP,5.87500,10
I16.BMP,i16_11_2.bmp,5.07500,10
I16.BMP,i16_11_3.bmp,2.89744,10
I16.BMP,i16_11_4.bmp,2.07500,10
I16.BMP,i16_11_5.bmp,0.95000,10
I16.BMP,i16_12_1.bmp,5.87500,11
I16.BMP,i16_12_2.bmp,5.57500,11
I16.BMP,i16_12_3.bmp,4.92500,11
I16.BMP,i16_12_4.bmp,3.28205,11
I16.BMP,i16_12_5.bmp,2.60000,11
I16.BMP,I16_13_1.BMP,4.60000,12
I16.BMP,i16_13_2.bmp,3.81579,12
I16.BMP,i16_13_3.bmp,4.46154,12
I16.BMP,i16_13_4.bmp,3.05128,12
I16.BMP,i16_13_5.bmp,3.62500,12
I16.BMP,i16_14_1.bmp,5.76923,13
I16.BMP,i16_14_2.bmp,6.13158,13
I16.BMP,i16_14_3.bmp,5.61538,13
I16.BMP,i16_14_4.bmp,5.52632,13
I16.BMP,i16_14_5.bmp,4.57500,13
I16.BMP,i16_15_1.bmp,3.41026,14
I16.BMP,i16_15_2.bmp,3.53846,14
I16.BMP,i16_15_3.bmp,3.47500,14
I16.BMP,i16_15_4.bmp,3.65000,14
I16.BMP,i16_15_5.bmp,4.02632,14
I16.BMP,i16_16_1.bmp,5.92308,15
I16.BMP,i16_16_2.bmp,6.27500,15
I16.BMP,i16_16_3.bmp,5.68421,15
I16.BMP,i16_16_4.bmp,5.75000,15
I16.BMP,i16_16_5.bmp,4.61538,15
I16.BMP,i16_17_1.bmp,5.82500,16
I16.BMP,i16_17_2.bmp,7.10000,16
I16.BMP,i16_17_3.bmp,4.75000,16
I16.BMP,i16_17_4.bmp,6.65000,16
I16.BMP,i16_17_5.bmp,3.35897,16
I16.BMP,i16_18_1.bmp,4.60000,17
I16.BMP,i16_18_2.bmp,4.39474,17
I16.BMP,i16_18_3.bmp,4.05000,17
I16.BMP,i16_18_4.bmp,3.92308,17
I16.BMP,i16_18_5.bmp,3.94737,17
I16.BMP,i16_19_1.bmp,5.57500,18
I16.BMP,i16_19_2.bmp,5.37500,18
I16.BMP,i16_19_3.bmp,4.61538,18
I16.BMP,i16_19_4.bmp,4.15385,18
I16.BMP,i16_19_5.bmp,3.66667,18
I16.BMP,i16_20_1.bmp,6.07692,19
I16.BMP,i16_20_2.bmp,5.74359,19
I16.BMP,i16_20_3.bmp,5.18421,19
I16.BMP,i16_20_4.bmp,4.12500,19
I16.BMP,i16_20_5.bmp,3.58974,19
I16.BMP,i16_21_1.bmp,5.82500,20
I16.BMP,i16_21_2.bmp,5.46154,20
I16.BMP,i16_21_3.bmp,4.25641,20
I16.BMP,i16_21_4.bmp,3.76923,20
I16.BMP,i16_21_5.bmp,1.84615,20
I16.BMP,i16_22_1.bmp,5.61538,21
I16.BMP,i16_22_2.bmp,5.35000,21
I16.BMP,i16_22_3.bmp,4.94595,21
I16.BMP,i16_22_4.bmp,3.97368,21
I16.BMP,i16_22_5.bmp,2.77500,21
I16.BMP,i16_23_1.bmp,6.12500,22
I16.BMP,i16_23_2.bmp,4.82500,22
I16.BMP,i16_23_3.bmp,2.70000,22
I16.BMP,i16_23_4.bmp,2.15789,22
I16.BMP,i16_23_5.bmp,1.52632,22
I16.BMP,i16_24_1.bmp,5.36842,23
I16.BMP,i16_24_2.bmp,4.05263,23
I16.BMP,i16_24_3.bmp,2.64103,23
I16.BMP,i16_24_4.bmp,1.84211,23
I16.BMP,i16_24_5.bmp,0.97436,23
I17.BMP,I17_01_1.bmp,5.89189,0
I17.BMP,i17_01_2.bmp,5.21053,0
I17.BMP,i17_01_3.bmp,5.05128,0
I17.BMP,i17_01_4.bmp,4.38462,0
I17.BMP,i17_01_5.bmp,3.87179,0
I17.BMP,i17_02_1.bmp,5.75000,1
I17.BMP,i17_02_2.bmp,6.00000,1
I17.BMP,i17_02_3.bmp,5.82500,1
I17.BMP,i17_02_4.bmp,5.27500,1
I17.BMP,i17_02_5.bmp,4.48718,1
I17.BMP,i17_03_1.bmp,4.97368,2
I17.BMP,i17_03_2.bmp,4.43590,2
I17.BMP,i17_03_3.bmp,3.82051,2
I17.BMP,i17_03_4.bmp,3.35000,2
I17.BMP,i17_03_5.bmp,2.89744,2
I17.BMP,i17_04_1.bmp,5.76923,3
I17.BMP,i17_04_2.bmp,5.97368,3
I17.BMP,i17_04_3.bmp,5.33333,3
I17.BMP,i17_04_4.bmp,5.23684,3
I17.BMP,i17_04_5.bmp,4.73684,3
I17.BMP,i17_05_1.bmp,5.82500,4
I17.BMP,i17_05_2.bmp,5.92500,4
I17.BMP,i17_05_3.bmp,5.23684,4
I17.BMP,i17_05_4.bmp,4.17949,4
I17.BMP,i17_05_5.bmp,3.34211,4
I17.BMP,i17_06_1.bmp,4.23684,5
I17.BMP,i17_06_2.bmp,4.43243,5
I17.BMP,i17_06_3.bmp,4.00000,5
I17.BMP,i17_06_4.bmp,3.55000,5
I17.BMP,i17_06_5.bmp,3.30769,5
I17.BMP,i17_07_1.bmp,5.71795,6
I17.BMP,i17_07_2.bmp,4.65789,6
I17.BMP,i17_07_3.bmp,3.89744,6
I17.BMP,i17_07_4.bmp,3.20513,6
I17.BMP,i17_07_5.bmp,2.47368,6
I17.BMP,i17_08_1.bmp,5.74359,7
I17.BMP,i17_08_2.bmp,5.22500,7
I17.BMP,i17_08_3.bmp,4.57500,7
I17.BMP,i17_08_4.bmp,3.71795,7
I17.BMP,i17_08_5.bmp,2.95000,7
I17.BMP,i17_09_1.bmp,6.02500,8
I17.BMP,i17_09_2.bmp,6.10526,8
I17.BMP,i17_09_3.bmp,5.02500,8
I17.BMP,i17_09_4.bmp,3.82051,8
I17.BMP,i17_09_5.bmp,2.45946,8
I17.BMP,i17_10_1.bmp,6.05128,9
I17.BMP,i17_10_2.bmp,5.92500,9
I17.BMP,i17_10_3.bmp,5.15385,9
I17.BMP,i17_10_4.bmp,3.42500,9
I17.BMP,i17_10_5.bmp,2.25000,9
I17.BMP,I17_11_1.BMP,5.56410,10
I17.BMP,i17_11_2.bmp,5.43590,10
I17.BMP,i17_11_3.bmp,3.84615,10
I17.BMP,i17_11_4.bmp,2.76923,10
I17.BMP,i17_11_5.bmp,1.02500,10
I17.BMP,i17_12_1.bmp,5.87500,11
I17.BMP,i17_12_2.bmp,5.92308,11
I17.BMP,i17_12_3.bmp,5.07692,11
I17.BMP,i17_12_4.bmp,3.92500,11
I17.BMP,i17_12_5.bmp,2.48718,11
I17.BMP,I17_13_1.BMP,5.15000,12
I17.BMP,i17_13_2.bmp,4.45000,12
I17.BMP,i17_13_3.bmp,3.26316,12
I17.BMP,i17_13_4.bmp,2.42500,12
I17.BMP,i17_13_5.bmp,2.36842,12
I17.BMP,i17_14_1.bmp,5.87500,13
I17.BMP,i17_14_2.bmp,5.79487,13
I17.BMP,i17_14_3.bmp,5.52632,13
I17.BMP,i17_14_4.bmp,4.35897,13
I17.BMP,i17_14_5.bmp,3.52500,13
I17.BMP,i17_15_1.bmp,3.55000,14
I17.BMP,i17_15_2.bmp,3.41026,14
I17.BMP,i17_15_3.bmp,3.25641,14
I17.BMP,i17_15_4.bmp,3.62500,14
I17.BMP,i17_15_5.bmp,4.00000,14
I17.BMP,i17_16_1.bmp,5.92500,15
I17.BMP,i17_16_2.bmp,6.02500,15
I17.BMP,i17_16_3.bmp,5.57895,15
I17.BMP,i17_16_4.bmp,5.15789,15
I17.BMP,i17_16_5.bmp,4.17949,15
I17.BMP,i17_17_1.bmp,5.57500,16
I17.BMP,i17_17_2.bmp,6.62500,16
I17.BMP,i17_17_3.bmp,4.48718,16
I17.BMP,i17_17_4.bmp,7.10000,16
I17.BMP,i17_17_5.bmp,3.36842,16
I17.BMP,i17_18_1.bmp,4.55000,17
I17.BMP,i17_18_2.bmp,4.07692,17
I17.BMP,i17_18_3.bmp,4.12821,17
I17.BMP,i17_18_4.bmp,3.82051,17
I17.BMP,i17_18_5.bmp,3.71795,17
I17.BMP,i17_19_1.bmp,5.72500,18
I17.BMP,i17_19_2.bmp,5.33333,18
I17.BMP,i17_19_3.bmp,4.76923,18
I17.BMP,i17_19_4.bmp,4.30769,18
I17.BMP,i17_19_5.bmp,3.92308,18
I17.BMP,i17_20_1.bmp,5.75000,19
I17.BMP,i17_20_2.bmp,5.45000,19
I17.BMP,i17_20_3.bmp,4.86842,19
I17.BMP,i17_20_4.bmp,4.36842,19
I17.BMP,i17_20_5.bmp,2.86486,19
I17.BMP,i17_21_1.bmp,5.42500,20
I17.BMP,i17_21_2.bmp,4.79487,20
I17.BMP,i17_21_3.bmp,4.25000,20
I17.BMP,i17_21_4.bmp,3.38462,20
I17.BMP,i17_21_5.bmp,2.52632,20
I17.BMP,i17_22_1.bmp,5.97500,21
I17.BMP,i17_22_2.bmp,5.61538,21
I17.BMP,i17_22_3.bmp,4.34211,21
I17.BMP,i17_22_4.bmp,3.58974,21
I17.BMP,i17_22_5.bmp,2.89744,21
I17.BMP,i17_23_1.bmp,5.90000,22
I17.BMP,i17_23_2.bmp,5.90000,22
I17.BMP,i17_23_3.bmp,4.56410,22
I17.BMP,i17_23_4.bmp,3.15385,22
I17.BMP,i17_23_5.bmp,1.92308,22
I17.BMP,i17_24_1.bmp,6.05000,23
I17.BMP,i17_24_2.bmp,5.52500,23
I17.BMP,i17_24_3.bmp,3.97368,23
I17.BMP,i17_24_4.bmp,2.02564,23
I17.BMP,i17_24_5.bmp,0.34211,23
I18.BMP,I18_01_1.bmp,5.69048,0
I18.BMP,i18_01_2.bmp,5.41463,0
I18.BMP,i18_01_3.bmp,4.85000,0
I18.BMP,i18_01_4.bmp,4.46341,0
I18.BMP,i18_01_5.bmp,4.00000,0
I18.BMP,i18_02_1.bmp,5.95122,1
I18.BMP,i18_02_2.bmp,5.88095,1
I18.BMP,i18_02_3.bmp,5.73810,1
I18.BMP,i18_02_4.bmp,4.63415,1
I18.BMP,i18_02_5.bmp,4.24390,1
I18.BMP,i18_03_1.bmp,4.97619,2
I18.BMP,i18_03_2.bmp,4.55000,2
I18.BMP,i18_03_3.bmp,3.73810,2
I18.BMP,i18_03_4.bmp,3.11905,2
I18.BMP,i18_03_5.bmp,2.54762,2
I18.BMP,i18_04_1.bmp,6.17500,3
I18.BMP,i18_04_2.bmp,5.88095,3
I18.BMP,i18_04_3.bmp,5.87805,3
I18.BMP,i18_04_4.bmp,5.31707,3
I18.BMP,i18_04_5.bmp,4.34146,3
I18.BMP,i18_05_1.bmp,6.24390,4
I18.BMP,i18_05_2.bmp,5.60976,4
I18.BMP,i18_05_3.bmp,5.17073,4
I18.BMP,i18_05_4.bmp,4.00000,4
I18.BMP,i18_05_5.bmp,3.12500,4
I18.BMP,i18_06_1.bmp,4.57143,5
I18.BMP,i18_06_2.bmp,4.15000,5
I18.BMP,i18_06_3.bmp,3.80952,5
I18.BMP,i18_06_4.bmp,3.73171,5
I18.BMP,i18_06_5.bmp,3.19512,5
I18.BMP,i18_07_1.bmp,5.57143,6
I18.BMP,i18_07_2.bmp,4.92857,6
I18.BMP,i18_07_3.bmp,4.21429,6
I18.BMP,i18_07_4.bmp,3.40476,6
I18.BMP,i18_07_5.bmp,3.00000,6
I18.BMP,i18_08_1.bmp,5.69048,7
I18.BMP,i18_08_2.bmp,4.65854,7
I18.BMP,i18_08_3.bmp,4.14286,7
I18.BMP,i18_08_4.bmp,3.04762,7
I18.BMP,i18_08_5.bmp,2.04878,7
I18.BMP,i18_09_1.bmp,6.02439,8
I18.BMP,i18_09_2.bmp,5.88095,8
I18.BMP,i18_09_3.bmp,4.26190,8
I18.BMP,i18_09_4.bmp,3.02439,8
I18.BMP,i18_09_5.bmp,1.70732,8
I18.BMP,i18_10_1.bmp,6.07317,9
I18.BMP,i18_10_2.bmp,5.78049,9
I18.BMP,i18_10_3.bmp,4.67500,9
I18.BMP,i18_10_4.bmp,3.50000,9
I18.BMP,i18_10_5.bmp,2.17073,9
I18.BMP,I18_11_1.BMP,5.80488,10
I18.BMP,i18_11_2.bmp,5.50000,10
I18.BMP,i18_11_3.bmp,4.51220,10
I18.BMP,i18_11_4.bmp,3.07143,10
I18.BMP,i18_11_5.bmp,1.00000,10
I18.BMP,i18_12_1.bmp,6.35714,11
I18.BMP,i18_12_2.bmp,5.36585,11
I18.BMP,i18_12_3.bmp,5.56098,11
I18.BMP,i18_12_4.bmp,4.92500,11
I18.BMP,i18_12_5.bmp,2.65854,11
I18.BMP,I18_13_1.BMP,4.14634,12
I18.BMP,i18_13_2.bmp,4.35714,12
I18.BMP,i18_13_3.bmp,3.88095,12
I18.BMP,i18_13_4.bmp,2.90244,12
I18.BMP,i18_13_5.bmp,2.46341,12
I18.BMP,i18_14_1.bmp,4.95122,13
I18.BMP,i18_14_2.bmp,6.00000,13
I18.BMP,i18_14_3.bmp,4.19512,13
I18.BMP,i18_14_4.bmp,4.16667,13
I18.BMP,i18_14_5.bmp,3.34146,13
I18.BMP,i18_15_1.bmp,3.21951,14
I18.BMP,i18_15_2.bmp,3.34146,14
I18.BMP,i18_15_3.bmp,3.20000,14
I18.BMP,i18_15_4.bmp,3.52500,14
I18.BMP,i18_15_5.bmp,3.95238,14
I18.BMP,i18_16_1.bmp,6.41463,15
I18.BMP,i18_16_2.bmp,5.95238,15
I18.BMP,i18_16_3.bmp,5.69048,15
I18.BMP,i18_16_4.bmp,5.00000,15
I18.BMP,i18_16_5.bmp,4.25641,15
I18.BMP,i18_17_1.bmp,5.92857,16
I18.BMP,i18_17_2.bmp,6.09756,16
I18.BMP,i18_17_3.bmp,4.41463,16
I18.BMP,i18_17_4.bmp,5.90476,16
I18.BMP,i18_17_5.bmp,3.48780,16
I18.BMP,i18_18_1.bmp,5.02439,17
I18.BMP,i18_18_2.bmp,4.80000,17
I18.BMP,i18_18_3.bmp,4.35714,17
I18.BMP,i18_18_4.bmp,4.07143,17
I18.BMP,i18_18_5.bmp,4.09524,17
I18.BMP,i18_19_1.bmp,5.14286,18
I18.BMP,i18_19_2.bmp,5.07143,18
I18.BMP,i18_19_3.bmp,4.37500,18
I18.BMP,i18_19_4.bmp,3.85366,18
I18.BMP,i18_19_5.bmp,3.70732,18
I18.BMP,i18_20_1.bmp,6.16667,19
I18.BMP,i18_20_2.bmp,5.57143,19
I18.BMP,i18_20_3.bmp,5.36585,19
I18.BMP,i18_20_4.bmp,4.36585,19
I18.BMP,i18_20_5.bmp,3.32500,19
I18.BMP,i18_21_1.bmp,5.52381,20
I18.BMP,i18_21_2.bmp,5.34146,20
I18.BMP,i18_21_3.bmp,4.50000,20
I18.BMP,i18_21_4.bmp,3.26190,20
I18.BMP,i18_21_5.bmp,2.31707,20
I18.BMP,i18_22_1.bmp,5.71429,21
I18.BMP,i18_22_2.bmp,4.40476,21
I18.BMP,i18_22_3.bmp,3.68293,21
I18.BMP,i18_22_4.bmp,2.95238,21
I18.BMP,i18_22_5.bmp,2.33333,21
I18.BMP,i18_23_1.bmp,6.30952,22
I18.BMP,i18_23_2.bmp,6.19048,22
I18.BMP,i18_23_3.bmp,6.07500,22
I18.BMP,i18_23_4.bmp,5.92857,22
I18.BMP,i18_23_5.bmp,4.00000,22
I18.BMP,i18_24_1.bmp,5.90244,23
I18.BMP,i18_24_2.bmp,5.59524,23
I18.BMP,i18_24_3.bmp,4.58537,23
I18.BMP,i18_24_4.bmp,3.21951,23
I18.BMP,i18_24_5.bmp,1.02381,23
I19.BMP,I19_01_1.bmp,5.72973,0
I19.BMP,i19_01_2.bmp,5.10811,0
I19.BMP,i19_01_3.bmp,4.60526,0
I19.BMP,i19_01_4.bmp,4.13514,0
I19.BMP,i19_01_5.bmp,3.56757,0
I19.BMP,i19_02_1.bmp,6.08108,1
I19.BMP,i19_02_2.bmp,5.64865,1
I19.BMP,i19_02_3.bmp,5.57895,1
I19.BMP,i19_02_4.bmp,5.00000,1
I19.BMP,i19_02_5.bmp,4.47222,1
I19.BMP,i19_03_1.bmp,4.66667,2
I19.BMP,i19_03_2.bmp,4.05405,2
I19.BMP,i19_03_3.bmp,3.63158,2
I19.BMP,i19_03_4.bmp,3.00000,2
I19.BMP,i19_03_5.bmp,2.52632,2
I19.BMP,i19_04_1.bmp,5.89474,3
I19.BMP,i19_04_2.bmp,5.94595,3
I19.BMP,i19_04_3.bmp,5.89474,3
I19.BMP,i19_04_4.bmp,5.24324,3
I19.BMP,i19_04_5.bmp,4.48649,3
I19.BMP,i19_05_1.bmp,5.97368,4
I19.BMP,i19_05_2.bmp,5.50000,4
I19.BMP,i19_05_3.bmp,5.07895,4
I19.BMP,i19_05_4.bmp,4.00000,4
I19.BMP,i19_05_5.bmp,3.18421,4
I19.BMP,i19_06_1.bmp,4.73684,5
I19.BMP,i19_06_2.bmp,4.64865,5
I19.BMP,i19_06_3.bmp,3.86842,5
I19.BMP,i19_06_4.bmp,3.56757,5
I19.BMP,i19_06_5.bmp,3.18919,5
I19.BMP,i19_07_1.bmp,5.37838,6
I19.BMP,i19_07_2.bmp,4.67568,6
I19.BMP,i19_07_3.bmp,3.88889,6
I19.BMP,i19_07_4.bmp,3.19444,6
I19.BMP,i19_07_5.bmp,2.60526,6
I19.BMP,i19_08_1.bmp,5.35135,7
I19.BMP,i19_08_2.bmp,4.70270,7
I19.BMP,i19_08_3.bmp,3.76316,7
I19.BMP,i19_08_4.bmp,2.89189,7
I19.BMP,i19_08_5.bmp,2.27027,7
I19.BMP,i19_09_1.bmp,6.08108,8
I19.BMP,i19_09_2.bmp,5.89474,8
I19.BMP,i19_09_3.bmp,4.86842,8
I19.BMP,i19_09_4.bmp,3.27027,8
I19.BMP,i19_09_5.bmp,1.86486,8
I19.BMP,i19_10_1.bmp,5.73684,9
I19.BMP,i19_10_2.bmp,5.47222,9
I19.BMP,i19_10_3.bmp,4.86111,9
I19.BMP,i19_10_4.bmp,3.00000,9
I19.BMP,i19_10_5.bmp,1.65789,9
I19.BMP,I19_11_1.BMP,5.52632,10
I19.BMP,i19_11_2.bmp,4.97368,10
I19.BMP,i19_11_3.bmp,4.52632,10
I19.BMP,i19_11_4.bmp,2.94595,10
I19.BMP,i19_11_5.bmp,1.23684,10
I19.BMP,i19_12_1.bmp,6.13158,11
I19.BMP,i19_12_2.bmp,5.59459,11
I19.BMP,i19_12_3.bmp,5.18421,11
I19.BMP,i19_12_4.bmp,5.08108,11
I19.BMP,i19_12_5.bmp,4.52778,11
I19.BMP,I19_13_1.BMP,4.67568,12
I19.BMP,i19_13_2.bmp,4.05263,12
I19.BMP,i19_13_3.bmp,3.62162,12
I19.BMP,i19_13_4.bmp,3.07895,12
I19.BMP,i19_13_5.bmp,1.94737,12
I19.BMP,i19_14_1.bmp,5.61111,13
I19.BMP,i19_14_2.bmp,6.02632,13
I19.BMP,i19_14_3.bmp,5.45946,13
I19.BMP,i19_14_4.bmp,4.92105,13
I19.BMP,i19_14_5.bmp,3.64865,13
I19.BMP,i19_15_1.bmp,2.88889,14
I19.BMP,i19_15_2.bmp,3.27778,14
I19.BMP,i19_15_3.bmp,3.51351,14
I19.BMP,i19_15_4.bmp,3.68421,14
I19.BMP,i19_15_5.bmp,3.54054,14
I19.BMP,i19_16_1.bmp,6.13158,15
I19.BMP,i19_16_2.bmp,6.26316,15
I19.BMP,i19_16_3.bmp,5.28947,15
I19.BMP,i19_16_4.bmp,5.84211,15
I19.BMP,i19_16_5.bmp,4.41667,15
I19.BMP,i19_17_1.bmp,5.47368,16
I19.BMP,i19_17_2.bmp,6.18919,16
I19.BMP,i19_17_3.bmp,4.43243,16
I19.BMP,i19_17_4.bmp,5.75676,16
I19.BMP,i19_17_5.bmp,3.34211,16
I19.BMP,i19_18_1.bmp,5.13514,17
I19.BMP,i19_18_2.bmp,4.38889,17
I19.BMP,i19_18_3.bmp,4.24324,17
I19.BMP,i19_18_4.bmp,4.08108,17
I19.BMP,i19_18_5.bmp,4.05405,17
I19.BMP,i19_19_1.bmp,5.54054,18
I19.BMP,i19_19_2.bmp,4.97297,18
I19.BMP,i19_19_3.bmp,4.55556,18
I19.BMP,i19_19_4.bmp,4.31429,18
I19.BMP,i19_19_5.bmp,3.55556,18
I19.BMP,i19_20_1.bmp,5.70270,19
I19.BMP,i19_20_2.bmp,5.71053,19
I19.BMP,i19_20_3.bmp,5.18919,19
I19.BMP,i19_20_4.bmp,4.13889,19
I19.BMP,i19_20_5.bmp,3.05263,19
I19.BMP,i19_21_1.bmp,5.40541,20
I19.BMP,i19_21_2.bmp,5.16216,20
I19.BMP,i19_21_3.bmp,4.08108,20
I19.BMP,i19_21_4.bmp,3.56757,20
I19.BMP,i19_21_5.bmp,2.25000,20
I19.BMP,i19_22_1.bmp,5.73684,21
I19.BMP,i19_22_2.bmp,5.32432,21
I19.BMP,i19_22_3.bmp,4.40000,21
I19.BMP,i19_22_4.bmp,3.94737,21
I19.BMP,i19_22_5.bmp,2.75676,21
I19.BMP,i19_23_1.bmp,5.86842,22
I19.BMP,i19_23_2.bmp,6.28947,22
I19.BMP,i19_23_3.bmp,5.75676,22
I19.BMP,i19_23_4.bmp,5.76316,22
I19.BMP,i19_23_5.bmp,5.21622,22
I19.BMP,i19_24_1.bmp,5.45946,23
I19.BMP,i19_24_2.bmp,4.70270,23
I19.BMP,i19_24_3.bmp,3.63889,23
I19.BMP,i19_24_4.bmp,2.50000,23
I19.BMP,i19_24_5.bmp,0.77778,23
I20.BMP,I20_01_1.bmp,5.76923,0
I20.BMP,i20_01_2.bmp,5.51282,0
I20.BMP,i20_01_3.bmp,4.92105,0
I20.BMP,i20_01_4.bmp,4.43590,0
I20.BMP,i20_01_5.bmp,3.78378,0
I20.BMP,i20_02_1.bmp,5.84211,1
I20.BMP,i20_02_2.bmp,5.79487,1
I20.BMP,i20_02_3.bmp,5.51351,1
I20.BMP,i20_02_4.bmp,5.28205,1
I20.BMP,i20_02_5.bmp,4.48718,1
I20.BMP,i20_03_1.bmp,4.94737,2
I20.BMP,i20_03_2.bmp,4.21053,2
I20.BMP,i20_03_3.bmp,3.81081,2
I20.BMP,i20_03_4.bmp,3.12821,2
I20.BMP,i20_03_5.bmp,2.65789,2
I20.BMP,i20_04_1.bmp,5.71053,3
I20.BMP,i20_04_2.bmp,5.47368,3
I20.BMP,i20_04_3.bmp,5.15789,3
I20.BMP,i20_04_4.bmp,4.72973,3
I20.BMP,i20_04_5.bmp,4.05405,3
I20.BMP,i20_05_1.bmp,6.02632,4
I20.BMP,i20_05_2.bmp,5.76316,4
I20.BMP,i20_05_3.bmp,5.39474,4
I20.BMP,i20_05_4.bmp,4.23077,4
I20.BMP,i20_05_5.bmp,2.92105,4
I20.BMP,i20_06_1.bmp,4.97368,5
I20.BMP,i20_06_2.bmp,4.13889,5
I20.BMP,i20_06_3.bmp,3.94737,5
I20.BMP,i20_06_4.bmp,3.43590,5
I20.BMP,i20_06_5.bmp,3.10256,5
I20.BMP,i20_07_1.bmp,5.28205,6
I20.BMP,i20_07_2.bmp,4.72973,6
I20.BMP,i20_07_3.bmp,4.47368,6
I20.BMP,i20_07_4.bmp,3.73684,6
I20.BMP,i20_07_5.bmp,3.28205,6
I20.BMP,i20_08_1.bmp,5.65789,7
I20.BMP,i20_08_2.bmp,5.29730,7
I20.BMP,i20_08_3.bmp,4.02778,7
I20.BMP,i20_08_4.bmp,3.42105,7
I20.BMP,i20_08_5.bmp,2.58974,7
I20.BMP,i20_09_1.bmp,6.26316,8
I20.BMP,i20_09_2.bmp,6.13158,8
I20.BMP,i20_09_3.bmp,5.33333,8
I20.BMP,i20_09_4.bmp,3.75676,8
I20.BMP,i20_09_5.bmp,2.21622,8
I20.BMP,i20_10_1.bmp,6.13158,9
I20.BMP,i20_10_2.bmp,5.73684,9
I20.BMP,i20_10_3.bmp,4.94444,9
I20.BMP,i20_10_4.bmp,3.57895,9
I20.BMP,i20_10_5.bmp,2.74359,9
I20.BMP,I20_11_1.BMP,5.57895,10
I20.BMP,i20_11_2.bmp,4.84211,10
I20.BMP,i20_11_3.bmp,3.43243,10
I20.BMP,i20_11_4.bmp,2.05263,10
I20.BMP,i20_11_5.bmp,0.74359,10
I20.BMP,i20_12_1.bmp,6.12821,11
I20.BMP,i20_12_2.bmp,5.30769,11
I20.BMP,i20_12_3.bmp,4.44737,11
I20.BMP,i20_12_4.bmp,4.25641,11
I20.BMP,i20_12_5.bmp,2.57895,11
I20.BMP,I20_13_1.BMP,5.15385,12
I20.BMP,i20_13_2.bmp,3.78947,12
I20.BMP,i20_13_3.bmp,3.82051,12
I20.BMP,i20_13_4.bmp,2.89189,12
I20.BMP,i20_13_5.bmp,2.02703,12
I20.BMP,i20_14_1.bmp,6.02632,13
I20.BMP,i20_14_2.bmp,5.84211,13
I20.BMP,i20_14_3.bmp,4.55263,13
I20.BMP,i20_14_4.bmp,4.12821,13
I20.BMP,i20_14_5.bmp,3.36842,13
I20.BMP,i20_15_1.bmp,3.23077,14
I20.BMP,i20_15_2.bmp,3.34211,14
I20.BMP,i20_15_3.bmp,3.69231,14
I20.BMP,i20_15_4.bmp,3.89744,14
I20.BMP,i20_15_5.bmp,4.05128,14
I20.BMP,i20_16_1.bmp,6.05128,15
I20.BMP,i20_16_2.bmp,6.05405,15
I20.BMP,i20_16_3.bmp,5.40541,15
I20.BMP,i20_16_4.bmp,5.13514,15
I20.BMP,i20_16_5.bmp,4.71795,15
I20.BMP,i20_17_1.bmp,5.61538,16
I20.BMP,i20_17_2.bmp,6.33333,16
I20.BMP,i20_17_3.bmp,4.32432,16
I20.BMP,i20_17_4.bmp,5.87179,16
I20.BMP,i20_17_5.bmp,3.53846,16
I20.BMP,i20_18_1.bmp,5.61538,17
I20.BMP,i20_18_2.bmp,5.23684,17
I20.BMP,i20_18_3.bmp,4.50000,17
I20.BMP,i20_18_4.bmp,4.13514,17
I20.BMP,i20_18_5.bmp,4.10526,17
I20.BMP,i20_19_1.bmp,5.82051,18
I20.BMP,i20_19_2.bmp,5.17949,18
I20.BMP,i20_19_3.bmp,4.79487,18
I20.BMP,i20_19_4.bmp,4.00000,18
I20.BMP,i20_19_5.bmp,3.46154,18
I20.BMP,i20_20_1.bmp,6.15789,19
I20.BMP,i20_20_2.bmp,5.46154,19
I20.BMP,i20_20_3.bmp,4.78947,19
I20.BMP,i20_20_4.bmp,3.52632,19
I20.BMP,i20_20_5.bmp,2.71795,19
I20.BMP,i20_21_1.bmp,5.55263,20
I20.BMP,i20_21_2.bmp,4.76316,20
I20.BMP,i20_21_3.bmp,4.00000,20
I20.BMP,i20_21_4.bmp,3.24324,20
I20.BMP,i20_21_5.bmp,2.57895,20
I20.BMP,i20_22_1.bmp,6.00000,21
I20.BMP,i20_22_2.bmp,5.10526,21
I20.BMP,i20_22_3.bmp,4.52632,21
I20.BMP,i20_22_4.bmp,4.10811,21
I20.BMP,i20_22_5.bmp,3.72973,21
I20.BMP,i20_23_1.bmp,5.94872,22
I20.BMP,i20_23_2.bmp,6.25641,22
I20.BMP,i20_23_3.bmp,5.82051,22
I20.BMP,i20_23_4.bmp,4.72973,22
I20.BMP,i20_23_5.bmp,3.15385,22
I20.BMP,i20_24_1.bmp,6.18421,23
I20.BMP,i20_24_2.bmp,5.07895,23
I20.BMP,i20_24_3.bmp,3.43243,23
I20.BMP,i20_24_4.bmp,1.97436,23
I20.BMP,i20_24_5.bmp,0.84211,23
I21.BMP,I21_01_1.bmp,5.51163,0
I21.BMP,i21_01_2.bmp,5.06977,0
I21.BMP,i21_01_3.bmp,4.48837,0
I21.BMP,i21_01_4.bmp,3.90698,0
I21.BMP,i21_01_5.bmp,3.48837,0
I21.BMP,i21_02_1.bmp,5.80952,1
I21.BMP,i21_02_2.bmp,5.53488,1
I21.BMP,i21_02_3.bmp,5.44186,1
I21.BMP,i21_02_4.bmp,4.81395,1
I21.BMP,i21_02_5.bmp,4.15000,1
I21.BMP,i21_03_1.bmp,4.39535,2
I21.BMP,i21_03_2.bmp,3.92683,2
I21.BMP,i21_03_3.bmp,3.16667,2
I21.BMP,i21_03_4.bmp,3.06977,2
I21.BMP,i21_03_5.bmp,2.55814,2
I21.BMP,i21_04_1.bmp,5.93023,3
I21.BMP,i21_04_2.bmp,6.02326,3
I21.BMP,i21_04_3.bmp,5.46341,3
I21.BMP,i21_04_4.bmp,5.33333,3
I21.BMP,i21_04_5.bmp,4.65000,3
I21.BMP,i21_05_1.bmp,5.69767,4
I21.BMP,i21_05_2.bmp,5.90698,4
I21.BMP,i21_05_3.bmp,5.11628,4
I21.BMP,i21_05_4.bmp,3.92857,4
I21.BMP,i21_05_5.bmp,3.00000,4
I21.BMP,i21_06_1.bmp,4.92683,5
I21.BMP,i21_06_2.bmp,4.38095,5
I21.BMP,i21_06_3.bmp,4.02439,5
I21.BMP,i21_06_4.bmp,3.50000,5
I21.BMP,i21_06_5.bmp,3.04762,5
I21.BMP,i21_07_1.bmp,5.02439,6
I21.BMP,i21_07_2.bmp,4.45000,6
I21.BMP,i21_07_3.bmp,4.16667,6
I21.BMP,i21_07_4.bmp,3.59524,6
I21.BMP,i21_07_5.bmp,3.16667,6
I21.BMP,i21_08_1.bmp,5.50000,7
I21.BMP,i21_08_2.bmp,4.85714,7
I21.BMP,i21_08_3.bmp,4.11628,7
I21.BMP,i21_08_4.bmp,3.23256,7
I21.BMP,i21_08_5.bmp,2.16279,7
I21.BMP,i21_09_1.bmp,6.07500,8
I21.BMP,i21_09_2.bmp,6.19048,8
I21.BMP,i21_09_3.bmp,5.30952,8
I21.BMP,i21_09_4.bmp,3.76744,8
I21.BMP,i21_09_5.bmp,2.09302,8
I21.BMP,i21_10_1.bmp,6.30952,9
I21.BMP,i21_10_2.bmp,5.88095,9
I21.BMP,i21_10_3.bmp,5.13953,9
I21.BMP,i21_10_4.bmp,3.26190,9
I21.BMP,i21_10_5.bmp,1.92683,9
I21.BMP,I21_11_1.BMP,6.12195,10
I21.BMP,i21_11_2.bmp,5.39535,10
I21.BMP,i21_11_3.bmp,4.69048,10
I21.BMP,i21_11_4.bmp,3.00000,10
I21.BMP,i21_11_5.bmp,1.04651,10
I21.BMP,i21_12_1.bmp,5.79070,11
I21.BMP,i21_12_2.bmp,4.76744,11
I21.BMP,i21_12_3.bmp,6.00000,11
I21.BMP,i21_12_4.bmp,5.61905,11
I21.BMP,i21_12_5.bmp,2.02381,11
I21.BMP,I21_13_1.BMP,4.45238,12
I21.BMP,i21_13_2.bmp,3.69048,12
I21.BMP,i21_13_3.bmp,3.17073,12
I21.BMP,i21_13_4.bmp,2.34884,12
I21.BMP,i21_13_5.bmp,2.55814,12
I21.BMP,i21_14_1.bmp,5.90698,13
I21.BMP,i21_14_2.bmp,6.17073,13
I21.BMP,i21_14_3.bmp,5.95238,13
I21.BMP,i21_14_4.bmp,4.33333,13
I21.BMP,i21_14_5.bmp,3.65116,13
I21.BMP,i21_15_1.bmp,2.85366,14
I21.BMP,i21_15_2.bmp,3.26829,14
I21.BMP,i21_15_3.bmp,3.57143,14
I21.BMP,i21_15_4.bmp,3.76190,14
I21.BMP,i21_15_5.bmp,3.71429,14
I21.BMP,i21_16_1.bmp,6.12195,15
I21.BMP,i21_16_2.bmp,5.93023,15
I21.BMP,i21_16_3.bmp,5.71429,15
I21.BMP,i21_16_4.bmp,5.16667,15
I21.BMP,i21_16_5.bmp,4.67442,15
I21.BMP,i21_17_1.bmp,5.34146,16
I21.BMP,i21_17_2.bmp,6.26190,16
I21.BMP,i21_17_3.bmp,4.35714,16
I21.BMP,i21_17_4.bmp,6.30233,16
I21.BMP,i21_17_5.bmp,3.55000,16
I21.BMP,i21_18_1.bmp,4.85714,17
I21.BMP,i21_18_2.bmp,4.31707,17
I21.BMP,i21_18_3.bmp,4.11905,17
I21.BMP,i21_18_4.bmp,3.60976,17
I21.BMP,i21_18_5.bmp,3.78571,17
I21.BMP,i21_19_1.bmp,5.38095,18
I21.BMP,i21_19_2.bmp,4.79070,18
I21.BMP,i21_19_3.bmp,4.07143,18
I21.BMP,i21_19_4.bmp,3.64286,18
I21.BMP,i21_19_5.bmp,3.41860,18
I21.BMP,i21_20_1.bmp,5.97500,19
I21.BMP,i21_20_2.bmp,5.67442,19
I21.BMP,i21_20_3.bmp,5.69048,19
I21.BMP,i21_20_4.bmp,4.88372,19
I21.BMP,i21_20_5.bmp,3.83721,19
I21.BMP,i21_21_1.bmp,5.53488,20
I21.BMP,i21_21_2.bmp,5.14286,20
I21.BMP,i21_21_3.bmp,4.30952,20
I21.BMP,i21_21_4.bmp,3.61905,20
I21.BMP,i21_21_5.bmp,2.73171,20
I21.BMP,i21_22_1.bmp,5.35714,21
I21.BMP,i21_22_2.bmp,5.47619,21
I21.BMP,i21_22_3.bmp,4.44186,21
I21.BMP,i21_22_4.bmp,3.37209,21
I21.BMP,i21_22_5.bmp,3.00000,21
I21.BMP,i21_23_1.bmp,6.11628,22
I21.BMP,i21_23_2.bmp,5.90476,22
I21.BMP,i21_23_3.bmp,5.67442,22
I21.BMP,i21_23_4.bmp,5.23810,22
I21.BMP,i21_23_5.bmp,2.85714,22
I21.BMP,i21_24_1.bmp,5.88372,23
I21.BMP,i21_24_2.bmp,5.72093,23
I21.BMP,i21_24_3.bmp,5.00000,23
I21.BMP,i21_24_4.bmp,3.07317,23
I21.BMP,i21_24_5.bmp,0.52381,23
I22.BMP,I22_01_1.bmp,5.81579,0
I22.BMP,i22_01_2.bmp,5.23684,0
I22.BMP,i22_01_3.bmp,4.84615,0
I22.BMP,i22_01_4.bmp,4.15789,0
I22.BMP,i22_01_5.bmp,3.71795,0
I22.BMP,i22_02_1.bmp,5.60526,1
I22.BMP,i22_02_2.bmp,5.82051,1
I22.BMP,i22_02_3.bmp,5.47368,1
I22.BMP,i22_02_4.bmp,5.13158,1
I22.BMP,i22_02_5.bmp,4.57895,1
I22.BMP,i22_03_1.bmp,4.79487,2
I22.BMP,i22_03_2.bmp,4.34211,2
I22.BMP,i22_03_3.bmp,3.68421,2
I22.BMP,i22_03_4.bmp,3.07692,2
I22.BMP,i22_03_5.bmp,2.70270,2
I22.BMP,i22_04_1.bmp,5.76923,3
I22.BMP,i22_04_2.bmp,5.71795,3
I22.BMP,i22_04_3.bmp,5.43590,3
I22.BMP,i22_04_4.bmp,5.00000,3
I22.BMP,i22_04_5.bmp,4.30769,3
I22.BMP,i22_05_1.bmp,5.86842,4
I22.BMP,i22_05_2.bmp,5.68421,4
I22.BMP,i22_05_3.bmp,4.87179,4
I22.BMP,i22_05_4.bmp,4.18421,4
I22.BMP,i22_05_5.bmp,3.18421,4
I22.BMP,i22_06_1.bmp,4.70270,5
I22.BMP,i22_06_2.bmp,4.24324,5
I22.BMP,i22_06_3.bmp,3.76316,5
I22.BMP,i22_06_4.bmp,3.56757,5
I22.BMP,i22_06_5.bmp,3.24324,5
I22.BMP,i22_07_1.bmp,5.58974,6
I22.BMP,i22_07_2.bmp,5.08108,6
I22.BMP,i22_07_3.bmp,4.57895,6
I22.BMP,i22_07_4.bmp,3.89474,6
I22.BMP,i22_07_5.bmp,2.74359,6
I22.BMP,i22_08_1.bmp,5.44737,7
I22.BMP,i22_08_2.bmp,4.63158,7
I22.BMP,i22_08_3.bmp,3.78378,7
I22.BMP,i22_08_4.bmp,3.12821,7
I22.BMP,i22_08_5.bmp,2.53846,7
I22.BMP,i22_09_1.bmp,5.84615,8
I22.BMP,i22_09_2.bmp,5.52632,8
I22.BMP,i22_09_3.bmp,4.62162,8
I22.BMP,i22_09_4.bmp,3.33333,8
I22.BMP,i22_09_5.bmp,2.05128,8
I22.BMP,i22_10_1.bmp,5.83784,9
I22.BMP,i22_10_2.bmp,5.58974,9
I22.BMP,i22_10_3.bmp,5.00000,9
I22.BMP,i22_10_4.bmp,3.58974,9
I22.BMP,i22_10_5.bmp,2.07895,9
I22.BMP,I22_11_1.BMP,5.35897,10
I22.BMP,i22_11_2.bmp,5.51282,10
I22.BMP,i22_11_3.bmp,4.26316,10
I22.BMP,i22_11_4.bmp,2.63158,10
I22.BMP,i22_11_5.bmp,0.86842,10
I22.BMP,i22_12_1.bmp,5.26316,11
I22.BMP,i22_12_2.bmp,5.76923,11
I22.BMP,i22_12_3.bmp,5.74359,11
I22.BMP,i22_12_4.bmp,4.36842,11
I22.BMP,i22_12_5.bmp,2.76316,11
I22.BMP,I22_13_1.BMP,5.25641,12
I22.BMP,i22_13_2.bmp,4.43590,12
I22.BMP,i22_13_3.bmp,3.68421,12
I22.BMP,i22_13_4.bmp,2.87179,12
I22.BMP,i22_13_5.bmp,2.51282,12
I22.BMP,i22_14_1.bmp,5.76923,13
I22.BMP,i22_14_2.bmp,5.86111,13
I22.BMP,i22_14_3.bmp,5.76316,13
I22.BMP,i22_14_4.bmp,4.62162,13
I22.BMP,i22_14_5.bmp,4.10256,13
I22.BMP,i22_15_1.bmp,3.05263,14
I22.BMP,i22_15_2.bmp,3.02632,14
I22.BMP,i22_15_3.bmp,3.21622,14
I22.BMP,i22_15_4.bmp,3.39474,14
I22.BMP,i22_15_5.bmp,3.73684,14
I22.BMP,i22_16_1.bmp,5.86486,15
I22.BMP,i22_16_2.bmp,5.41026,15
I22.BMP,i22_16_3.bmp,6.05128,15
I22.BMP,i22_16_4.bmp,4.60526,15
I22.BMP,i22_16_5.bmp,5.25641,15
I22.BMP,i22_17_1.bmp,5.33333,16
I22.BMP,i22_17_2.bmp,6.00000,16
I22.BMP,i22_17_3.bmp,4.22222,16
I22.BMP,i22_17_4.bmp,6.23077,16
I22.BMP,i22_17_5.bmp,3.37838,16
I22.BMP,i22_18_1.bmp,5.15385,17
I22.BMP,i22_18_2.bmp,4.68421,17
I22.BMP,i22_18_3.bmp,4.23684,17
I22.BMP,i22_18_4.bmp,3.76316,17
I22.BMP,i22_18_5.bmp,3.25000,17
I22.BMP,i22_19_1.bmp,5.13158,18
I22.BMP,i22_19_2.bmp,5.13158,18
I22.BMP,i22_19_3.bmp,4.66667,18
I22.BMP,i22_19_4.bmp,4.00000,18
I22.BMP,i22_19_5.bmp,3.58974,18
I22.BMP,i22_20_1.bmp,5.71053,19
I22.BMP,i22_20_2.bmp,5.73684,19
I22.BMP,i22_20_3.bmp,5.55263,19
I22.BMP,i22_20_4.bmp,4.89744,19
I22.BMP,i22_20_5.bmp,3.64865,19
I22.BMP,i22_21_1.bmp,5.57895,20
I22.BMP,i22_21_2.bmp,5.02632,20
I22.BMP,i22_21_3.bmp,4.65789,20
I22.BMP,i22_21_4.bmp,3.56410,20
I22.BMP,i22_21_5.bmp,2.63158,20
I22.BMP,i22_22_1.bmp,5.92308,21
I22.BMP,i22_22_2.bmp,5.35135,21
I22.BMP,i22_22_3.bmp,4.89744,21
I22.BMP,i22_22_4.bmp,4.44737,21
I22.BMP,i22_22_5.bmp,2.89474,21
I22.BMP,i22_23_1.bmp,6.32432,22
I22.BMP,i22_23_2.bmp,6.13158,22
I22.BMP,i22_23_3.bmp,5.21053,22
I22.BMP,i22_23_4.bmp,4.43590,22
I22.BMP,i22_23_5.bmp,2.10256,22
I22.BMP,i22_24_1.bmp,5.82051,23
I22.BMP,i22_24_2.bmp,5.42105,23
I22.BMP,i22_24_3.bmp,4.21622,23
I22.BMP,i22_24_4.bmp,2.25641,23
I22.BMP,i22_24_5.bmp,0.36842,23
I23.BMP,I23_01_1.bmp,5.68571,0
I23.BMP,i23_01_2.bmp,5.05714,0
I23.BMP,i23_01_3.bmp,4.76471,0
I23.BMP,i23_01_4.bmp,4.08571,0
I23.BMP,i23_01_5.bmp,3.73529,0
I23.BMP,i23_02_1.bmp,6.14706,1
I23.BMP,i23_02_2.bmp,5.84848,1
I23.BMP,i23_02_3.bmp,5.45714,1
I23.BMP,i23_02_4.bmp,5.02857,1
I23.BMP,i23_02_5.bmp,4.32353,1
I23.BMP,i23_03_1.bmp,4.61765,2
I23.BMP,i23_03_2.bmp,4.17143,2
I23.BMP,i23_03_3.bmp,3.55882,2
I23.BMP,i23_03_4.bmp,3.26471,2
I23.BMP,i23_03_5.bmp,2.67647,2
I23.BMP,i23_04_1.bmp,5.61765,3
I23.BMP,i23_04_2.bmp,5.64706,3
I23.BMP,i23_04_3.bmp,5.32353,3
I23.BMP,i23_04_4.bmp,4.79412,3
I23.BMP,i23_04_5.bmp,4.52941,3
I23.BMP,i23_05_1.bmp,6.05714,4
I23.BMP,i23_05_2.bmp,5.50000,4
I23.BMP,i23_05_3.bmp,5.09091,4
I23.BMP,i23_05_4.bmp,4.31429,4
I23.BMP,i23_05_5.bmp,3.35294,4
I23.BMP,i23_06_1.bmp,4.61765,5
I23.BMP,i23_06_2.bmp,4.35294,5
I23.BMP,i23_06_3.bmp,4.02941,5
I23.BMP,i23_06_4.bmp,3.61765,5
I23.BMP,i23_06_5.bmp,3.29412,5
I23.BMP,i23_07_1.bmp,4.97059,6
I23.BMP,i23_07_2.bmp,3.84848,6
I23.BMP,i23_07_3.bmp,3.68571,6
I23.BMP,i23_07_4.bmp,3.44118,6
I23.BMP,i23_07_5.bmp,2.78788,6
I23.BMP,i23_08_1.bmp,5.94286,7
I23.BMP,i23_08_2.bmp,5.52941,7
I23.BMP,i23_08_3.bmp,4.67647,7
I23.BMP,i23_08_4.bmp,3.94118,7
I23.BMP,i23_08_5.bmp,2.77143,7
I23.BMP,i23_09_1.bmp,6.69697,8
I23.BMP,i23_09_2.bmp,6.05714,8
I23.BMP,i23_09_3.bmp,5.70588,8
I23.BMP,i23_09_4.bmp,4.26471,8
I23.BMP,i23_09_5.bmp,2.64706,8
I23.BMP,i23_10_1.bmp,5.97143,9
I23.BMP,i23_10_2.bmp,5.79412,9
I23.BMP,i23_10_3.bmp,5.02941,9
I23.BMP,i23_10_4.bmp,3.64706,9
I23.BMP,i23_10_5.bmp,2.40000,9
I23.BMP,I23_11_1.BMP,5.25714,10
I23.BMP,i23_11_2.bmp,4.57143,10
I23.BMP,i23_11_3.bmp,3.11765,10
I23.BMP,i23_11_4.bmp,2.24242,10
I23.BMP,i23_11_5.bmp,0.82353,10
I23.BMP,i23_12_1.bmp,5.96970,11
I23.BMP,i23_12_2.bmp,5.74286,11
I23.BMP,i23_12_3.bmp,3.80000,11
I23.BMP,i23_12_4.bmp,2.88571,11
I23.BMP,i23_12_5.bmp,1.85714,11
I23.BMP,I23_13_1.BMP,4.54286,12
I23.BMP,i23_13_2.bmp,4.15152,12
I23.BMP,i23_13_3.bmp,3.34286,12
I23.BMP,i23_13_4.bmp,2.47059,12
I23.BMP,i23_13_5.bmp,2.58824,12
I23.BMP,i23_14_1.bmp,6.08571,13
I23.BMP,i23_14_2.bmp,6.29412,13
I23.BMP,i23_14_3.bmp,5.05882,13
I23.BMP,i23_14_4.bmp,5.05882,13
I23.BMP,i23_14_5.bmp,3.60000,13
I23.BMP,i23_15_1.bmp,2.94286,14
I23.BMP,i23_15_2.bmp,2.97143,14
I23.BMP,i23_15_3.bmp,3.25714,14
I23.BMP,i23_15_4.bmp,3.41176,14
I23.BMP,i23_15_5.bmp,3.62857,14
I23.BMP,i23_16_1.bmp,6.33333,15
I23.BMP,i23_16_2.bmp,5.82857,15
I23.BMP,i23_16_3.bmp,5.82353,15
I23.BMP,i23_16_4.bmp,5.20000,15
I23.BMP,i23_16_5.bmp,5.71429,15
I23.BMP,i23_17_1.bmp,5.66667,16
I23.BMP,i23_17_2.bmp,6.80000,16
I23.BMP,i23_17_3.bmp,4.82857,16
I23.BMP,i23_17_4.bmp,6.68571,16
I23.BMP,i23_17_5.bmp,3.88235,16
I23.BMP,i23_18_1.bmp,5.76471,17
I23.BMP,i23_18_2.bmp,5.64706,17
I23.BMP,i23_18_3.bmp,5.44118,17
I23.BMP,i23_18_4.bmp,5.05714,17
I23.BMP,i23_18_5.bmp,4.38235,17
I23.BMP,i23_19_1.bmp,5.71429,18
I23.BMP,i23_19_2.bmp,4.97143,18
I23.BMP,i23_19_3.bmp,4.61765,18
I23.BMP,i23_19_4.bmp,3.88571,18
I23.BMP,i23_19_5.bmp,3.42857,18
I23.BMP,i23_20_1.bmp,5.60000,19
I23.BMP,i23_20_2.bmp,5.08824,19
I23.BMP,i23_20_3.bmp,4.09375,19
I23.BMP,i23_20_4.bmp,3.34286,19
I23.BMP,i23_20_5.bmp,2.65714,19
I23.BMP,i23_21_1.bmp,5.60000,20
I23.BMP,i23_21_2.bmp,4.79412,20
I23.BMP,i23_21_3.bmp,4.12121,20
I23.BMP,i23_21_4.bmp,3.51429,20
I23.BMP,i23_21_5.bmp,2.41176,20
I23.BMP,i23_22_1.bmp,6.17647,21
I23.BMP,i23_22_2.bmp,5.88571,21
I23.BMP,i23_22_3.bmp,5.02941,21
I23.BMP,i23_22_4.bmp,4.64706,21
I23.BMP,i23_22_5.bmp,4.00000,21
I23.BMP,i23_23_1.bmp,6.30303,22
I23.BMP,i23_23_2.bmp,5.91176,22
I23.BMP,i23_23_3.bmp,5.17143,22
I23.BMP,i23_23_4.bmp,3.75758,22
I23.BMP,i23_23_5.bmp,3.00000,22
I23.BMP,i23_24_1.bmp,5.85294,23
I23.BMP,i23_24_2.bmp,4.73529,23
I23.BMP,i23_24_3.bmp,3.67647,23
I23.BMP,i23_24_4.bmp,1.72727,23
I23.BMP,i23_24_5.bmp,0.78788,23
I24.BMP,I24_01_1.bmp,5.88571,0
I24.BMP,i24_01_2.bmp,5.05556,0
I24.BMP,i24_01_3.bmp,4.72222,0
I24.BMP,i24_01_4.bmp,4.14286,0
I24.BMP,i24_01_5.bmp,3.58333,0
I24.BMP,i24_02_1.bmp,6.44444,1
I24.BMP,i24_02_2.bmp,5.91176,1
I24.BMP,i24_02_3.bmp,5.13889,1
I24.BMP,i24_02_4.bmp,5.08571,1
I24.BMP,i24_02_5.bmp,4.52778,1
I24.BMP,i24_03_1.bmp,4.80000,2
I24.BMP,i24_03_2.bmp,4.25714,2
I24.BMP,i24_03_3.bmp,3.82857,2
I24.BMP,i24_03_4.bmp,3.28571,2
I24.BMP,i24_03_5.bmp,2.69444,2
I24.BMP,i24_04_1.bmp,5.85714,3
I24.BMP,i24_04_2.bmp,5.83333,3
I24.BMP,i24_04_3.bmp,5.52941,3
I24.BMP,i24_04_4.bmp,5.16667,3
I24.BMP,i24_04_5.bmp,4.57143,3
I24.BMP,i24_05_1.bmp,5.80556,4
I24.BMP,i24_05_2.bmp,5.33333,4
I24.BMP,i24_05_3.bmp,5.13889,4
I24.BMP,i24_05_4.bmp,4.02857,4
I24.BMP,i24_05_5.bmp,3.25000,4
I24.BMP,i24_06_1.bmp,4.64706,5
I24.BMP,i24_06_2.bmp,4.37143,5
I24.BMP,i24_06_3.bmp,3.97143,5
I24.BMP,i24_06_4.bmp,3.66667,5
I24.BMP,i24_06_5.bmp,3.28571,5
I24.BMP,i24_07_1.bmp,5.52778,6
I24.BMP,i24_07_2.bmp,4.57143,6
I24.BMP,i24_07_3.bmp,4.08824,6
I24.BMP,i24_07_4.bmp,2.88571,6
I24.BMP,i24_07_5.bmp,2.44444,6
I24.BMP,i24_08_1.bmp,5.94444,7
I24.BMP,i24_08_2.bmp,4.97143,7
I24.BMP,i24_08_3.bmp,4.05714,7
I24.BMP,i24_08_4.bmp,3.17647,7
I24.BMP,i24_08_5.bmp,2.61765,7
I24.BMP,i24_09_1.bmp,6.00000,8
I24.BMP,i24_09_2.bmp,5.29412,8
I24.BMP,i24_09_3.bmp,4.52778,8
I24.BMP,i24_09_4.bmp,3.38889,8
I24.BMP,i24_09_5.bmp,2.00000,8
I24.BMP,i24_10_1.bmp,5.88571,9
I24.BMP,i24_10_2.bmp,5.82857,9
I24.BMP,i24_10_3.bmp,4.65714,9
I24.BMP,i24_10_4.bmp,3.27778,9
I24.BMP,i24_10_5.bmp,1.85294,9
I24.BMP,I24_11_1.BMP,5.40000,10
I24.BMP,i24_11_2.bmp,4.69697,10
I24.BMP,i24_11_3.bmp,4.02941,10
I24.BMP,i24_11_4.bmp,2.57143,10
I24.BMP,i24_11_5.bmp,0.91667,10
I24.BMP,i24_12_1.bmp,5.68571,11
I24.BMP,i24_12_2.bmp,6.08571,11
I24.BMP,i24_12_3.bmp,5.48485,11
I24.BMP,i24_12_4.bmp,3.50000,11
I24.BMP,i24_12_5.bmp,2.58333,11
I24.BMP,I24_13_1.BMP,4.05882,12
I24.BMP,i24_13_2.bmp,3.74286,12
I24.BMP,i24_13_3.bmp,3.31429,12
I24.BMP,i24_13_4.bmp,2.88889,12
I24.BMP,i24_13_5.bmp,2.50000,12
I24.BMP,i24_14_1.bmp,6.00000,13
I24.BMP,i24_14_2.bmp,5.97143,13
I24.BMP,i24_14_3.bmp,5.34286,13
I24.BMP,i24_14_4.bmp,5.13889,13
I24.BMP,i24_14_5.bmp,4.63889,13
I24.BMP,i24_15_1.bmp,4.02778,14
I24.BMP,i24_15_2.bmp,4.40000,14
I24.BMP,i24_15_3.bmp,3.88571,14
I24.BMP,i24_15_4.bmp,3.66667,14
I24.BMP,i24_15_5.bmp,3.38889,14
I24.BMP,i24_16_1.bmp,5.97143,15
I24.BMP,i24_16_2.bmp,6.11111,15
I24.BMP,i24_16_3.bmp,5.45714,15
I24.BMP,i24_16_4.bmp,5.61111,15
I24.BMP,i24_16_5.bmp,4.88571,15
I24.BMP,i24_17_1.bmp,5.75000,16
I24.BMP,i24_17_2.bmp,6.47222,16
I24.BMP,i24_17_3.bmp,4.80556,16
I24.BMP,i24_17_4.bmp,6.72222,16
I24.BMP,i24_17_5.bmp,3.60000,16
I24.BMP,i24_18_1.bmp,4.80000,17
I24.BMP,i24_18_2.bmp,4.39394,17
I24.BMP,i24_18_3.bmp,3.91176,17
I24.BMP,i24_18_4.bmp,4.11429,17
I24.BMP,i24_18_5.bmp,3.79412,17
I24.BMP,i24_19_1.bmp,5.57143,18
I24.BMP,i24_19_2.bmp,5.17647,18
I24.BMP,i24_19_3.bmp,4.77778,18
I24.BMP,i24_19_4.bmp,4.08824,18
I24.BMP,i24_19_5.bmp,3.85714,18
I24.BMP,i24_20_1.bmp,6.14286,19
I24.BMP,i24_20_2.bmp,5.61111,19
I24.BMP,i24_20_3.bmp,5.17143,19
I24.BMP,i24_20_4.bmp,4.02857,19
I24.BMP,i24_20_5.bmp,3.51429,19
I24.BMP,i24_21_1.bmp,5.77778,20
I24.BMP,i24_21_2.bmp,4.82857,20
I24.BMP,i24_21_3.bmp,4.14286,20
I24.BMP,i24_21_4.bmp,3.36111,20
I24.BMP,i24_21_5.bmp,2.68571,20
I24.BMP,i24_22_1.bmp,5.77143,21
I24.BMP,i24_22_2.bmp,5.02941,21
I24.BMP,i24_22_3.bmp,4.61765,21
I24.BMP,i24_22_4.bmp,3.33333,21
I24.BMP,i24_22_5.bmp,2.74286,21
I24.BMP,i24_23_1.bmp,5.80000,22
I24.BMP,i24_23_2.bmp,6.02778,22
I24.BMP,i24_23_3.bmp,5.68571,22
I24.BMP,i24_23_4.bmp,5.08824,22
I24.BMP,i24_23_5.bmp,2.29412,22
I24.BMP,i24_24_1.bmp,5.70588,23
I24.BMP,i24_24_2.bmp,5.34286,23
I24.BMP,i24_24_3.bmp,4.34286,23
I24.BMP,i24_24_4.bmp,2.74286,23
I24.BMP,i24_24_5.bmp,0.41667,23
i25.bmp,I25_01_1.bmp,5.14286,0
i25.bmp,i25_01_2.bmp,4.67647,0
i25.bmp,i25_01_3.bmp,4.40000,0
i25.bmp,i25_01_4.bmp,3.88571,0
i25.bmp,i25_01_5.bmp,3.44444,0
i25.bmp,i25_02_1.bmp,5.54286,1
i25.bmp,i25_02_2.bmp,5.27778,1
i25.bmp,i25_02_3.bmp,5.25000,1
i25.bmp,i25_02_4.bmp,4.45714,1
i25.bmp,i25_02_5.bmp,3.77143,1
i25.bmp,i25_03_1.bmp,4.00000,2
i25.bmp,i25_03_2.bmp,3.58333,2
i25.bmp,i25_03_3.bmp,3.25000,2
i25.bmp,i25_03_4.bmp,2.91429,2
i25.bmp,i25_03_5.bmp,2.41667,2
i25.bmp,i25_04_1.bmp,6.39394,3
i25.bmp,i25_04_2.bmp,6.16667,3
i25.bmp,i25_04_3.bmp,5.88889,3
i25.bmp,i25_04_4.bmp,5.50000,3
i25.bmp,i25_04_5.bmp,5.23529,3
i25.bmp,i25_05_1.bmp,5.33333,4
i25.bmp,i25_05_2.bmp,5.25714,4
i25.bmp,i25_05_3.bmp,4.61111,4
i25.bmp,i25_05_4.bmp,3.85714,4
i25.bmp,i25_05_5.bmp,2.75000,4
i25.bmp,i25_06_1.bmp,4.40000,5
i25.bmp,i25_06_2.bmp,4.28571,5
i25.bmp,i25_06_3.bmp,3.70588,5
i25.bmp,i25_06_4.bmp,3.47222,5
i25.bmp,i25_06_5.bmp,3.02778,5
i25.bmp,i25_07_1.bmp,3.50000,6
i25.bmp,i25_07_2.bmp,3.14286,6
i25.bmp,i25_07_3.bmp,3.03030,6
i25.bmp,i25_07_4.bmp,2.71429,6
i25.bmp,i25_07_5.bmp,2.74286,6
i25.bmp,i25_08_1.bmp,5.52941,7
i25.bmp,i25_08_2.bmp,5.05556,7
i25.bmp,i25_08_3.bmp,4.29412,7
i25.bmp,i25_08_4.bmp,3.17647,7
i25.bmp,i25_08_5.bmp,1.94444,7
i25.bmp,i25_09_1.bmp,5.83333,8
i25.bmp,i25_09_2.bmp,5.20000,8
i25.bmp,i25_09_3.bmp,4.22857,8
i25.bmp,i25_09_4.bmp,3.11765,8
i25.bmp,i25_09_5.bmp,1.33333,8
i25.bmp,i25_10_1.bmp,5.85714,9
i25.bmp,i25_10_2.bmp,5.57143,9
i25.bmp,i25_10_3.bmp,4.25714,9
i25.bmp,i25_10_4.bmp,2.14706,9
i25.bmp,i25_10_5.bmp,1.47222,9
i25.bmp,I25_11_1.BMP,6.08571,10
i25.bmp,i25_11_2.bmp,5.86111,10
i25.bmp,i25_11_3.bmp,5.36111,10
i25.bmp,i25_11_4.bmp,4.97222,10
i25.bmp,i25_11_5.bmp,4.60000,10
i25.bmp,i25_12_1.bmp,6.02778,11
i25.bmp,i25_12_2.bmp,5.80000,11
i25.bmp,i25_12_3.bmp,4.83333,11
i25.bmp,i25_12_4.bmp,5.03030,11
i25.bmp,i25_12_5.bmp,4.66667,11
i25.bmp,I25_13_1.BMP,4.82857,12
i25.bmp,i25_13_2.bmp,5.71429,12
i25.bmp,i25_13_3.bmp,3.68571,12
i25.bmp,i25_13_4.bmp,4.57143,12
i25.bmp,i25_13_5.bmp,3.02857,12
i25.bmp,i25_14_1.bmp,5.71429,13
i25.bmp,i25_14_2.bmp,5.14286,13
i25.bmp,i25_14_3.bmp,5.08824,13
i25.bmp,i25_14_4.bmp,3.82857,13
i25.bmp,i25_14_5.bmp,3.11111,13
i25.bmp,i25_15_1.bmp,3.27778,14
i25.bmp,i25_15_2.bmp,2.93939,14
i25.bmp,i25_15_3.bmp,3.52778,14
i25.bmp,i25_15_4.bmp,3.97059,14
i25.bmp,i25_15_5.bmp,4.14286,14
i25.bmp,i25_16_1.bmp,5.91667,15
i25.bmp,i25_16_2.bmp,6.41667,15
i25.bmp,i25_16_3.bmp,5.77143,15
i25.bmp,i25_16_4.bmp,5.55556,15
i25.bmp,i25_16_5.bmp,4.47059,15
i25.bmp,i25_17_1.bmp,5.61111,16
i25.bmp,i25_17_2.bmp,6.85714,16
i25.bmp,i25_17_3.bmp,4.48571,16
i25.bmp,i25_17_4.bmp,6.38889,16
i25.bmp,i25_17_5.bmp,3.28571,16
i25.bmp,i25_18_1.bmp,5.61111,17
i25.bmp,i25_18_2.bmp,5.05882,17
i25.bmp,i25_18_3.bmp,4.44444,17
i25.bmp,i25_18_4.bmp,4.00000,17
i25.bmp,i25_18_5.bmp,2.67647,17
i25.bmp,i25_19_1.bmp,5.16667,18
i25.bmp,i25_19_2.bmp,4.28571,18
i25.bmp,i25_19_3.bmp,3.83333,18
i25.bmp,i25_19_4.bmp,3.79412,18
i25.bmp,i25_19_5.bmp,3.34286,18
i25.bmp,i25_20_1.bmp,5.67647,19
i25.bmp,i25_20_2.bmp,5.54286,19
i25.bmp,i25_20_3.bmp,5.00000,19
i25.bmp,i25_20_4.bmp,4.97222,19
i25.bmp,i25_20_5.bmp,4.05714,19
i25.bmp,i25_21_1.bmp,5.17143,20
i25.bmp,i25_21_2.bmp,4.45714,20
i25.bmp,i25_21_3.bmp,4.88571,20
i25.bmp,i25_21_4.bmp,3.42857,20
i25.bmp,i25_21_5.bmp,2.91429,20
i25.bmp,i25_22_1.bmp,4.80556,21
i25.bmp,i25_22_2.bmp,4.25000,21
i25.bmp,i25_22_3.bmp,3.79412,21
i25.bmp,i25_22_4.bmp,3.40000,21
i25.bmp,i25_22_5.bmp,2.79412,21
i25.bmp,i25_23_1.bmp,6.30556,22
i25.bmp,i25_23_2.bmp,6.27778,22
i25.bmp,i25_23_3.bmp,6.17143,22
i25.bmp,i25_23_4.bmp,6.14286,22
i25.bmp,i25_23_5.bmp,5.97143,22
i25.bmp,i25_24_1.bmp,5.65714,23
i25.bmp,i25_24_2.bmp,5.44444,23
i25.bmp,i25_24_3.bmp,4.62857,23
i25.bmp,i25_24_4.bmp,4.02778,23
i25.bmp,i25_24_5.bmp,2.77143,23
